[{"model": "admin.logentry", "pk": 1, "fields": {"action_time": "2022-01-15T06:38:19.859Z", "user": 1, "content_type": 8, "object_id": "eeba7592-5379-4e21-ac13-01276b51c643", "object_repr": "admin", "action_flag": 1, "change_message": "[{\"added\": {}}]"}}, {"model": "admin.logentry", "pk": 2, "fields": {"action_time": "2022-01-15T06:38:20.189Z", "user": 1, "content_type": 10, "object_id": "update_sending_priority_rank", "object_repr": "update_sending_priority_rank", "action_flag": 1, "change_message": "[{\"added\": {}}]"}}, {"model": "admin.logentry", "pk": 3, "fields": {"action_time": "2022-01-15T06:38:20.507Z", "user": 1, "content_type": 10, "object_id": "reset_count_for_priority_rank", "object_repr": "reset_count_for_priority_rank", "action_flag": 1, "change_message": "[{\"added\": {}}]"}}, {"model": "admin.logentry", "pk": 4, "fields": {"action_time": "2022-01-15T06:38:21.133Z", "user": 1, "content_type": 6, "object_id": "2", "object_repr": "user_0", "action_flag": 1, "change_message": "[{\"added\": {}}]"}}, {"model": "admin.logentry", "pk": 5, "fields": {"action_time": "2022-01-15T06:38:21.644Z", "user": 1, "content_type": 8, "object_id": "6b7564e1-9414-4b36-ba5f-039ad31309af", "object_repr": "user_0", "action_flag": 1, "change_message": "[{\"added\": {}}]"}}, {"model": "admin.logentry", "pk": 6, "fields": {"action_time": "2022-01-15T06:38:22.261Z", "user": 1, "content_type": 6, "object_id": "3", "object_repr": "user_1", "action_flag": 1, "change_message": "[{\"added\": {}}]"}}, {"model": "admin.logentry", "pk": 7, "fields": {"action_time": "2022-01-15T06:38:22.746Z", "user": 1, "content_type": 8, "object_id": "e697ec0c-fced-422a-81f1-3a49c1716efc", "object_repr": "user_1", "action_flag": 1, "change_message": "[{\"added\": {}}]"}}, {"model": "admin.logentry", "pk": 8, "fields": {"action_time": "2022-01-15T06:38:23.360Z", "user": 1, "content_type": 6, "object_id": "4", "object_repr": "user_2", "action_flag": 1, "change_message": "[{\"added\": {}}]"}}, {"model": "admin.logentry", "pk": 9, "fields": {"action_time": "2022-01-15T06:38:23.820Z", "user": 1, "content_type": 8, "object_id": "229401a1-43c1-4445-85a5-f6721c64d5a3", "object_repr": "user_2", "action_flag": 1, "change_message": "[{\"added\": {}}]"}}, {"model": "admin.logentry", "pk": 10, "fields": {"action_time": "2022-01-15T06:38:24.386Z", "user": 1, "content_type": 6, "object_id": "5", "object_repr": "user_3", "action_flag": 1, "change_message": "[{\"added\": {}}]"}}, {"model": "admin.logentry", "pk": 11, "fields": {"action_time": "2022-01-15T06:38:24.845Z", "user": 1, "content_type": 8, "object_id": "041e79c2-9cc7-4c21-8459-772eed401221", "object_repr": "user_3", "action_flag": 1, "change_message": "[{\"added\": {}}]"}}, {"model": "admin.logentry", "pk": 12, "fields": {"action_time": "2022-01-15T06:38:25.477Z", "user": 1, "content_type": 6, "object_id": "6", "object_repr": "user_4", "action_flag": 1, "change_message": "[{\"added\": {}}]"}}, {"model": "admin.logentry", "pk": 13, "fields": {"action_time": "2022-01-15T06:38:25.962Z", "user": 1, "content_type": 8, "object_id": "c47f18e4-c9c8-4909-bfbd-3b63cb88bdd9", "object_repr": "user_4", "action_flag": 1, "change_message": "[{\"added\": {}}]"}}, {"model": "admin.logentry", "pk": 14, "fields": {"action_time": "2022-01-15T06:38:26.544Z", "user": 1, "content_type": 6, "object_id": "7", "object_repr": "user_5", "action_flag": 1, "change_message": "[{\"added\": {}}]"}}, {"model": "admin.logentry", "pk": 15, "fields": {"action_time": "2022-01-15T06:38:27.030Z", "user": 1, "content_type": 8, "object_id": "d07bfb8a-e657-4381-8865-3e577b40cd5a", "object_repr": "user_5", "action_flag": 1, "change_message": "[{\"added\": {}}]"}}, {"model": "admin.logentry", "pk": 16, "fields": {"action_time": "2022-01-15T06:38:27.605Z", "user": 1, "content_type": 6, "object_id": "8", "object_repr": "user_6", "action_flag": 1, "change_message": "[{\"added\": {}}]"}}, {"model": "admin.logentry", "pk": 17, "fields": {"action_time": "2022-01-15T06:38:28.082Z", "user": 1, "content_type": 8, "object_id": "3adf9ca3-fe0a-4d3f-b4d2-6635e0352f66", "object_repr": "user_6", "action_flag": 1, "change_message": "[{\"added\": {}}]"}}, {"model": "admin.logentry", "pk": 18, "fields": {"action_time": "2022-01-15T06:38:28.678Z", "user": 1, "content_type": 6, "object_id": "9", "object_repr": "user_7", "action_flag": 1, "change_message": "[{\"added\": {}}]"}}, {"model": "admin.logentry", "pk": 19, "fields": {"action_time": "2022-01-15T06:38:29.144Z", "user": 1, "content_type": 8, "object_id": "4144a594-2b79-42af-982d-2f298bfb9db0", "object_repr": "user_7", "action_flag": 1, "change_message": "[{\"added\": {}}]"}}, {"model": "admin.logentry", "pk": 20, "fields": {"action_time": "2022-01-15T06:38:29.739Z", "user": 1, "content_type": 6, "object_id": "10", "object_repr": "user_8", "action_flag": 1, "change_message": "[{\"added\": {}}]"}}, {"model": "admin.logentry", "pk": 21, "fields": {"action_time": "2022-01-15T06:38:30.272Z", "user": 1, "content_type": 8, "object_id": "b04a152c-ec8b-485e-9267-9e6521714b49", "object_repr": "user_8", "action_flag": 1, "change_message": "[{\"added\": {}}]"}}, {"model": "admin.logentry", "pk": 22, "fields": {"action_time": "2022-01-15T06:38:30.945Z", "user": 1, "content_type": 6, "object_id": "11", "object_repr": "user_9", "action_flag": 1, "change_message": "[{\"added\": {}}]"}}, {"model": "admin.logentry", "pk": 23, "fields": {"action_time": "2022-01-15T06:38:31.484Z", "user": 1, "content_type": 8, "object_id": "5c39cbf1-1c81-4e54-9b1d-92d77159f85c", "object_repr": "user_9", "action_flag": 1, "change_message": "[{\"added\": {}}]"}}, {"model": "admin.logentry", "pk": 24, "fields": {"action_time": "2022-01-15T06:38:32.204Z", "user": 1, "content_type": 6, "object_id": "12", "object_repr": "user_10", "action_flag": 1, "change_message": "[{\"added\": {}}]"}}, {"model": "admin.logentry", "pk": 25, "fields": {"action_time": "2022-01-15T06:38:32.724Z", "user": 1, "content_type": 8, "object_id": "9154b227-818d-4ad6-88ed-53d2ed5d0ec4", "object_repr": "user_10", "action_flag": 1, "change_message": "[{\"added\": {}}]"}}, {"model": "admin.logentry", "pk": 26, "fields": {"action_time": "2022-01-15T06:38:33.405Z", "user": 1, "content_type": 6, "object_id": "13", "object_repr": "user_11", "action_flag": 1, "change_message": "[{\"added\": {}}]"}}, {"model": "admin.logentry", "pk": 27, "fields": {"action_time": "2022-01-15T06:38:33.897Z", "user": 1, "content_type": 8, "object_id": "e04f34e2-3ec4-422a-b7db-1f7cc35ae6b8", "object_repr": "user_11", "action_flag": 1, "change_message": "[{\"added\": {}}]"}}, {"model": "admin.logentry", "pk": 28, "fields": {"action_time": "2022-01-15T06:38:34.549Z", "user": 1, "content_type": 6, "object_id": "14", "object_repr": "user_12", "action_flag": 1, "change_message": "[{\"added\": {}}]"}}, {"model": "admin.logentry", "pk": 29, "fields": {"action_time": "2022-01-15T06:38:35.083Z", "user": 1, "content_type": 8, "object_id": "9123ab4e-1fb2-4142-b588-fd6add92d7da", "object_repr": "user_12", "action_flag": 1, "change_message": "[{\"added\": {}}]"}}, {"model": "admin.logentry", "pk": 30, "fields": {"action_time": "2022-01-15T06:38:35.757Z", "user": 1, "content_type": 6, "object_id": "15", "object_repr": "user_13", "action_flag": 1, "change_message": "[{\"added\": {}}]"}}, {"model": "admin.logentry", "pk": 31, "fields": {"action_time": "2022-01-15T06:38:36.241Z", "user": 1, "content_type": 8, "object_id": "46166d7e-5a8e-4ac4-b466-ee306688a625", "object_repr": "user_13", "action_flag": 1, "change_message": "[{\"added\": {}}]"}}, {"model": "admin.logentry", "pk": 32, "fields": {"action_time": "2022-01-15T06:38:36.862Z", "user": 1, "content_type": 6, "object_id": "16", "object_repr": "user_14", "action_flag": 1, "change_message": "[{\"added\": {}}]"}}, {"model": "admin.logentry", "pk": 33, "fields": {"action_time": "2022-01-15T06:38:37.380Z", "user": 1, "content_type": 8, "object_id": "cd589683-8b92-4499-9d80-e0eb65c22ca3", "object_repr": "user_14", "action_flag": 1, "change_message": "[{\"added\": {}}]"}}, {"model": "admin.logentry", "pk": 34, "fields": {"action_time": "2022-01-15T06:38:38.003Z", "user": 1, "content_type": 6, "object_id": "17", "object_repr": "user_15", "action_flag": 1, "change_message": "[{\"added\": {}}]"}}, {"model": "admin.logentry", "pk": 35, "fields": {"action_time": "2022-01-15T06:38:38.495Z", "user": 1, "content_type": 8, "object_id": "0beb3f4d-5085-4ff6-a57d-42f3b40250ca", "object_repr": "user_15", "action_flag": 1, "change_message": "[{\"added\": {}}]"}}, {"model": "admin.logentry", "pk": 36, "fields": {"action_time": "2022-01-15T06:38:39.122Z", "user": 1, "content_type": 6, "object_id": "18", "object_repr": "user_16", "action_flag": 1, "change_message": "[{\"added\": {}}]"}}, {"model": "admin.logentry", "pk": 37, "fields": {"action_time": "2022-01-15T06:38:39.643Z", "user": 1, "content_type": 8, "object_id": "29002f9c-4df2-49a9-87a7-cac4c3e7f774", "object_repr": "user_16", "action_flag": 1, "change_message": "[{\"added\": {}}]"}}, {"model": "admin.logentry", "pk": 38, "fields": {"action_time": "2022-01-15T06:38:40.282Z", "user": 1, "content_type": 6, "object_id": "19", "object_repr": "user_17", "action_flag": 1, "change_message": "[{\"added\": {}}]"}}, {"model": "admin.logentry", "pk": 39, "fields": {"action_time": "2022-01-15T06:38:40.832Z", "user": 1, "content_type": 8, "object_id": "748c6eb5-3682-495f-91cd-a2d5a4870a69", "object_repr": "user_17", "action_flag": 1, "change_message": "[{\"added\": {}}]"}}, {"model": "admin.logentry", "pk": 40, "fields": {"action_time": "2022-01-15T06:38:41.528Z", "user": 1, "content_type": 6, "object_id": "20", "object_repr": "user_18", "action_flag": 1, "change_message": "[{\"added\": {}}]"}}, {"model": "admin.logentry", "pk": 41, "fields": {"action_time": "2022-01-15T06:38:42.028Z", "user": 1, "content_type": 8, "object_id": "c2febca9-c6ac-4021-bfe8-d7e63b8f018a", "object_repr": "user_18", "action_flag": 1, "change_message": "[{\"added\": {}}]"}}, {"model": "admin.logentry", "pk": 42, "fields": {"action_time": "2022-01-15T06:38:42.698Z", "user": 1, "content_type": 6, "object_id": "21", "object_repr": "user_19", "action_flag": 1, "change_message": "[{\"added\": {}}]"}}, {"model": "admin.logentry", "pk": 43, "fields": {"action_time": "2022-01-15T06:38:43.230Z", "user": 1, "content_type": 8, "object_id": "c60b2922-0b04-4c4e-9d95-aa0d96d6de0f", "object_repr": "user_19", "action_flag": 1, "change_message": "[{\"added\": {}}]"}}, {"model": "admin.logentry", "pk": 44, "fields": {"action_time": "2022-01-15T06:38:44.358Z", "user": 1, "content_type": 6, "object_id": "22", "object_repr": "user_20", "action_flag": 1, "change_message": "[{\"added\": {}}]"}}, {"model": "admin.logentry", "pk": 45, "fields": {"action_time": "2022-01-15T06:38:44.866Z", "user": 1, "content_type": 8, "object_id": "5e6ece41-329e-47a5-a149-fd65c90fdaaf", "object_repr": "user_20", "action_flag": 1, "change_message": "[{\"added\": {}}]"}}, {"model": "admin.logentry", "pk": 46, "fields": {"action_time": "2022-01-15T06:38:45.519Z", "user": 1, "content_type": 6, "object_id": "23", "object_repr": "user_21", "action_flag": 1, "change_message": "[{\"added\": {}}]"}}, {"model": "admin.logentry", "pk": 47, "fields": {"action_time": "2022-01-15T06:38:46.081Z", "user": 1, "content_type": 8, "object_id": "2c7ffb86-7dc1-4b72-a386-1f2ce29423be", "object_repr": "user_21", "action_flag": 1, "change_message": "[{\"added\": {}}]"}}, {"model": "admin.logentry", "pk": 48, "fields": {"action_time": "2022-01-15T06:38:46.752Z", "user": 1, "content_type": 6, "object_id": "24", "object_repr": "user_22", "action_flag": 1, "change_message": "[{\"added\": {}}]"}}, {"model": "admin.logentry", "pk": 49, "fields": {"action_time": "2022-01-15T06:38:47.280Z", "user": 1, "content_type": 8, "object_id": "da181778-f785-4b33-bc0b-79000f901a6f", "object_repr": "user_22", "action_flag": 1, "change_message": "[{\"added\": {}}]"}}, {"model": "admin.logentry", "pk": 50, "fields": {"action_time": "2022-01-15T06:38:47.945Z", "user": 1, "content_type": 6, "object_id": "25", "object_repr": "user_23", "action_flag": 1, "change_message": "[{\"added\": {}}]"}}, {"model": "admin.logentry", "pk": 51, "fields": {"action_time": "2022-01-15T06:38:48.430Z", "user": 1, "content_type": 8, "object_id": "56dabbb5-3019-48b9-bf87-cdbed47af0bf", "object_repr": "user_23", "action_flag": 1, "change_message": "[{\"added\": {}}]"}}, {"model": "admin.logentry", "pk": 52, "fields": {"action_time": "2022-01-15T06:38:49.105Z", "user": 1, "content_type": 6, "object_id": "26", "object_repr": "user_24", "action_flag": 1, "change_message": "[{\"added\": {}}]"}}, {"model": "admin.logentry", "pk": 53, "fields": {"action_time": "2022-01-15T06:38:49.616Z", "user": 1, "content_type": 8, "object_id": "0fea9c95-cb6d-432e-9d77-7d5d08ba15bc", "object_repr": "user_24", "action_flag": 1, "change_message": "[{\"added\": {}}]"}}, {"model": "admin.logentry", "pk": 54, "fields": {"action_time": "2022-01-15T06:38:50.289Z", "user": 1, "content_type": 6, "object_id": "27", "object_repr": "user_25", "action_flag": 1, "change_message": "[{\"added\": {}}]"}}, {"model": "admin.logentry", "pk": 55, "fields": {"action_time": "2022-01-15T06:38:50.757Z", "user": 1, "content_type": 8, "object_id": "d3879127-a6c3-4566-a0e2-748fad34ecf1", "object_repr": "user_25", "action_flag": 1, "change_message": "[{\"added\": {}}]"}}, {"model": "admin.logentry", "pk": 56, "fields": {"action_time": "2022-01-15T06:38:51.490Z", "user": 1, "content_type": 6, "object_id": "28", "object_repr": "user_26", "action_flag": 1, "change_message": "[{\"added\": {}}]"}}, {"model": "admin.logentry", "pk": 57, "fields": {"action_time": "2022-01-15T06:38:52.002Z", "user": 1, "content_type": 8, "object_id": "ddaf80e6-e592-4c96-bb98-49bc873c84ad", "object_repr": "user_26", "action_flag": 1, "change_message": "[{\"added\": {}}]"}}, {"model": "admin.logentry", "pk": 58, "fields": {"action_time": "2022-01-15T06:38:52.676Z", "user": 1, "content_type": 6, "object_id": "29", "object_repr": "user_27", "action_flag": 1, "change_message": "[{\"added\": {}}]"}}, {"model": "admin.logentry", "pk": 59, "fields": {"action_time": "2022-01-15T06:38:53.162Z", "user": 1, "content_type": 8, "object_id": "0abc0cf4-1f16-4cb3-988f-0f769756a2b0", "object_repr": "user_27", "action_flag": 1, "change_message": "[{\"added\": {}}]"}}, {"model": "admin.logentry", "pk": 60, "fields": {"action_time": "2022-01-15T06:38:53.853Z", "user": 1, "content_type": 6, "object_id": "30", "object_repr": "user_28", "action_flag": 1, "change_message": "[{\"added\": {}}]"}}, {"model": "admin.logentry", "pk": 61, "fields": {"action_time": "2022-01-15T06:38:54.360Z", "user": 1, "content_type": 8, "object_id": "efd32f5a-f2b2-436a-8c77-9e02a813d4ee", "object_repr": "user_28", "action_flag": 1, "change_message": "[{\"added\": {}}]"}}, {"model": "admin.logentry", "pk": 62, "fields": {"action_time": "2022-01-15T06:38:55.034Z", "user": 1, "content_type": 6, "object_id": "31", "object_repr": "user_29", "action_flag": 1, "change_message": "[{\"added\": {}}]"}}, {"model": "admin.logentry", "pk": 63, "fields": {"action_time": "2022-01-15T06:38:55.521Z", "user": 1, "content_type": 8, "object_id": "e2ef3b04-6247-43f5-be45-d9eb766a6ec6", "object_repr": "user_29", "action_flag": 1, "change_message": "[{\"added\": {}}]"}}, {"model": "admin.logentry", "pk": 64, "fields": {"action_time": "2022-01-15T06:38:56.184Z", "user": 1, "content_type": 6, "object_id": "32", "object_repr": "user_30", "action_flag": 1, "change_message": "[{\"added\": {}}]"}}, {"model": "admin.logentry", "pk": 65, "fields": {"action_time": "2022-01-15T06:38:56.698Z", "user": 1, "content_type": 8, "object_id": "387ffbef-ea74-4f98-8ea9-67eded56205e", "object_repr": "user_30", "action_flag": 1, "change_message": "[{\"added\": {}}]"}}, {"model": "admin.logentry", "pk": 66, "fields": {"action_time": "2022-01-15T06:38:57.371Z", "user": 1, "content_type": 6, "object_id": "33", "object_repr": "user_31", "action_flag": 1, "change_message": "[{\"added\": {}}]"}}, {"model": "admin.logentry", "pk": 67, "fields": {"action_time": "2022-01-15T06:38:57.878Z", "user": 1, "content_type": 8, "object_id": "18269b78-3a9c-4c2b-a174-3bcc0b5aced5", "object_repr": "user_31", "action_flag": 1, "change_message": "[{\"added\": {}}]"}}, {"model": "admin.logentry", "pk": 68, "fields": {"action_time": "2022-01-15T06:38:59.026Z", "user": 1, "content_type": 6, "object_id": "34", "object_repr": "user_32", "action_flag": 1, "change_message": "[{\"added\": {}}]"}}, {"model": "admin.logentry", "pk": 69, "fields": {"action_time": "2022-01-15T06:38:59.548Z", "user": 1, "content_type": 8, "object_id": "16761302-531e-42b9-8ef2-6745069606af", "object_repr": "user_32", "action_flag": 1, "change_message": "[{\"added\": {}}]"}}, {"model": "admin.logentry", "pk": 70, "fields": {"action_time": "2022-01-15T06:39:00.222Z", "user": 1, "content_type": 6, "object_id": "35", "object_repr": "user_33", "action_flag": 1, "change_message": "[{\"added\": {}}]"}}, {"model": "admin.logentry", "pk": 71, "fields": {"action_time": "2022-01-15T06:39:00.729Z", "user": 1, "content_type": 8, "object_id": "f1e4d038-c65b-48be-9a14-a09b0903ab2c", "object_repr": "user_33", "action_flag": 1, "change_message": "[{\"added\": {}}]"}}, {"model": "admin.logentry", "pk": 72, "fields": {"action_time": "2022-01-15T06:39:01.470Z", "user": 1, "content_type": 6, "object_id": "36", "object_repr": "user_34", "action_flag": 1, "change_message": "[{\"added\": {}}]"}}, {"model": "admin.logentry", "pk": 73, "fields": {"action_time": "2022-01-15T06:39:02.004Z", "user": 1, "content_type": 8, "object_id": "92e654d2-ead6-4d78-86a4-1451cae0eba5", "object_repr": "user_34", "action_flag": 1, "change_message": "[{\"added\": {}}]"}}, {"model": "admin.logentry", "pk": 74, "fields": {"action_time": "2022-01-15T06:39:02.700Z", "user": 1, "content_type": 6, "object_id": "37", "object_repr": "user_35", "action_flag": 1, "change_message": "[{\"added\": {}}]"}}, {"model": "admin.logentry", "pk": 75, "fields": {"action_time": "2022-01-15T06:39:03.240Z", "user": 1, "content_type": 8, "object_id": "f8971b8a-831b-424f-b61e-0c1be8c36de3", "object_repr": "user_35", "action_flag": 1, "change_message": "[{\"added\": {}}]"}}, {"model": "admin.logentry", "pk": 76, "fields": {"action_time": "2022-01-15T06:39:04.405Z", "user": 1, "content_type": 6, "object_id": "38", "object_repr": "user_36", "action_flag": 1, "change_message": "[{\"added\": {}}]"}}, {"model": "admin.logentry", "pk": 77, "fields": {"action_time": "2022-01-15T06:39:04.909Z", "user": 1, "content_type": 8, "object_id": "a87a7a95-f636-4522-b34d-219b3056656e", "object_repr": "user_36", "action_flag": 1, "change_message": "[{\"added\": {}}]"}}, {"model": "admin.logentry", "pk": 78, "fields": {"action_time": "2022-01-15T06:39:06.620Z", "user": 1, "content_type": 6, "object_id": "39", "object_repr": "user_37", "action_flag": 1, "change_message": "[{\"added\": {}}]"}}, {"model": "admin.logentry", "pk": 79, "fields": {"action_time": "2022-01-15T06:39:07.146Z", "user": 1, "content_type": 8, "object_id": "55b25eb7-e5bf-45e6-b6a2-d918a8a38ace", "object_repr": "user_37", "action_flag": 1, "change_message": "[{\"added\": {}}]"}}, {"model": "admin.logentry", "pk": 80, "fields": {"action_time": "2022-01-15T06:39:07.857Z", "user": 1, "content_type": 6, "object_id": "40", "object_repr": "user_38", "action_flag": 1, "change_message": "[{\"added\": {}}]"}}, {"model": "admin.logentry", "pk": 81, "fields": {"action_time": "2022-01-15T06:39:08.391Z", "user": 1, "content_type": 8, "object_id": "f0e39c6c-4f65-459e-b8a4-34b669707ebb", "object_repr": "user_38", "action_flag": 1, "change_message": "[{\"added\": {}}]"}}, {"model": "admin.logentry", "pk": 82, "fields": {"action_time": "2022-01-15T06:39:09.081Z", "user": 1, "content_type": 6, "object_id": "41", "object_repr": "user_39", "action_flag": 1, "change_message": "[{\"added\": {}}]"}}, {"model": "admin.logentry", "pk": 83, "fields": {"action_time": "2022-01-15T06:39:09.601Z", "user": 1, "content_type": 8, "object_id": "50c05e2c-ff06-4dbc-a9bc-bb72af19d832", "object_repr": "user_39", "action_flag": 1, "change_message": "[{\"added\": {}}]"}}, {"model": "admin.logentry", "pk": 84, "fields": {"action_time": "2022-01-15T06:39:10.283Z", "user": 1, "content_type": 6, "object_id": "42", "object_repr": "user_40", "action_flag": 1, "change_message": "[{\"added\": {}}]"}}, {"model": "admin.logentry", "pk": 85, "fields": {"action_time": "2022-01-15T06:39:10.813Z", "user": 1, "content_type": 8, "object_id": "930f3aec-5d1d-4cdd-9b99-32f2a3433f9c", "object_repr": "user_40", "action_flag": 1, "change_message": "[{\"added\": {}}]"}}, {"model": "admin.logentry", "pk": 86, "fields": {"action_time": "2022-01-15T06:39:11.544Z", "user": 1, "content_type": 6, "object_id": "43", "object_repr": "user_41", "action_flag": 1, "change_message": "[{\"added\": {}}]"}}, {"model": "admin.logentry", "pk": 87, "fields": {"action_time": "2022-01-15T06:39:12.058Z", "user": 1, "content_type": 8, "object_id": "f8768402-7663-48dd-9848-d18f80d57b19", "object_repr": "user_41", "action_flag": 1, "change_message": "[{\"added\": {}}]"}}, {"model": "admin.logentry", "pk": 88, "fields": {"action_time": "2022-01-15T06:39:12.779Z", "user": 1, "content_type": 6, "object_id": "44", "object_repr": "user_42", "action_flag": 1, "change_message": "[{\"added\": {}}]"}}, {"model": "admin.logentry", "pk": 89, "fields": {"action_time": "2022-01-15T06:39:13.278Z", "user": 1, "content_type": 8, "object_id": "2322f728-9361-42d6-89e7-410939cfec7a", "object_repr": "user_42", "action_flag": 1, "change_message": "[{\"added\": {}}]"}}, {"model": "admin.logentry", "pk": 90, "fields": {"action_time": "2022-01-15T06:39:13.976Z", "user": 1, "content_type": 6, "object_id": "45", "object_repr": "user_43", "action_flag": 1, "change_message": "[{\"added\": {}}]"}}, {"model": "admin.logentry", "pk": 91, "fields": {"action_time": "2022-01-15T06:39:14.488Z", "user": 1, "content_type": 8, "object_id": "cf5ff7e5-b12d-4177-8c28-d079dda7a1b4", "object_repr": "user_43", "action_flag": 1, "change_message": "[{\"added\": {}}]"}}, {"model": "admin.logentry", "pk": 92, "fields": {"action_time": "2022-01-15T06:39:15.203Z", "user": 1, "content_type": 6, "object_id": "46", "object_repr": "user_44", "action_flag": 1, "change_message": "[{\"added\": {}}]"}}, {"model": "admin.logentry", "pk": 93, "fields": {"action_time": "2022-01-15T06:39:15.751Z", "user": 1, "content_type": 8, "object_id": "810c413c-9b32-44b3-813d-ff58f8f1909f", "object_repr": "user_44", "action_flag": 1, "change_message": "[{\"added\": {}}]"}}, {"model": "admin.logentry", "pk": 94, "fields": {"action_time": "2022-01-15T06:39:16.479Z", "user": 1, "content_type": 6, "object_id": "47", "object_repr": "user_45", "action_flag": 1, "change_message": "[{\"added\": {}}]"}}, {"model": "admin.logentry", "pk": 95, "fields": {"action_time": "2022-01-15T06:39:17.017Z", "user": 1, "content_type": 8, "object_id": "9ab31e64-8834-42ae-a0b0-033d89a59914", "object_repr": "user_45", "action_flag": 1, "change_message": "[{\"added\": {}}]"}}, {"model": "admin.logentry", "pk": 96, "fields": {"action_time": "2022-01-15T06:39:17.752Z", "user": 1, "content_type": 6, "object_id": "48", "object_repr": "user_46", "action_flag": 1, "change_message": "[{\"added\": {}}]"}}, {"model": "admin.logentry", "pk": 97, "fields": {"action_time": "2022-01-15T06:39:18.282Z", "user": 1, "content_type": 8, "object_id": "4dc004eb-954d-4210-bdf9-c9f4e24356b7", "object_repr": "user_46", "action_flag": 1, "change_message": "[{\"added\": {}}]"}}, {"model": "admin.logentry", "pk": 98, "fields": {"action_time": "2022-01-15T06:39:18.986Z", "user": 1, "content_type": 6, "object_id": "49", "object_repr": "user_47", "action_flag": 1, "change_message": "[{\"added\": {}}]"}}, {"model": "admin.logentry", "pk": 99, "fields": {"action_time": "2022-01-15T06:39:19.497Z", "user": 1, "content_type": 8, "object_id": "468a020e-9164-4563-a5a2-8dff4f27ab69", "object_repr": "user_47", "action_flag": 1, "change_message": "[{\"added\": {}}]"}}, {"model": "admin.logentry", "pk": 100, "fields": {"action_time": "2022-01-15T06:39:20.232Z", "user": 1, "content_type": 6, "object_id": "50", "object_repr": "user_48", "action_flag": 1, "change_message": "[{\"added\": {}}]"}}, {"model": "admin.logentry", "pk": 101, "fields": {"action_time": "2022-01-15T06:39:20.742Z", "user": 1, "content_type": 8, "object_id": "f1506746-2e44-439e-bd30-a61767457522", "object_repr": "user_48", "action_flag": 1, "change_message": "[{\"added\": {}}]"}}, {"model": "admin.logentry", "pk": 102, "fields": {"action_time": "2022-01-15T06:39:21.464Z", "user": 1, "content_type": 6, "object_id": "51", "object_repr": "user_49", "action_flag": 1, "change_message": "[{\"added\": {}}]"}}, {"model": "admin.logentry", "pk": 103, "fields": {"action_time": "2022-01-15T06:39:22.032Z", "user": 1, "content_type": 8, "object_id": "201c85ca-3b3f-4bef-9e4b-63daa4101977", "object_repr": "user_49", "action_flag": 1, "change_message": "[{\"added\": {}}]"}}, {"model": "auth.permission", "pk": 1, "fields": {"name": "Can add log entry", "content_type": 1, "codename": "add_logentry"}}, {"model": "auth.permission", "pk": 2, "fields": {"name": "Can change log entry", "content_type": 1, "codename": "change_logentry"}}, {"model": "auth.permission", "pk": 3, "fields": {"name": "Can delete log entry", "content_type": 1, "codename": "delete_logentry"}}, {"model": "auth.permission", "pk": 4, "fields": {"name": "Can view log entry", "content_type": 1, "codename": "view_logentry"}}, {"model": "auth.permission", "pk": 5, "fields": {"name": "Can add permission", "content_type": 2, "codename": "add_permission"}}, {"model": "auth.permission", "pk": 6, "fields": {"name": "Can change permission", "content_type": 2, "codename": "change_permission"}}, {"model": "auth.permission", "pk": 7, "fields": {"name": "Can delete permission", "content_type": 2, "codename": "delete_permission"}}, {"model": "auth.permission", "pk": 8, "fields": {"name": "Can view permission", "content_type": 2, "codename": "view_permission"}}, {"model": "auth.permission", "pk": 9, "fields": {"name": "Can add group", "content_type": 3, "codename": "add_group"}}, {"model": "auth.permission", "pk": 10, "fields": {"name": "Can change group", "content_type": 3, "codename": "change_group"}}, {"model": "auth.permission", "pk": 11, "fields": {"name": "Can delete group", "content_type": 3, "codename": "delete_group"}}, {"model": "auth.permission", "pk": 12, "fields": {"name": "Can view group", "content_type": 3, "codename": "view_group"}}, {"model": "auth.permission", "pk": 13, "fields": {"name": "Can add content type", "content_type": 4, "codename": "add_contenttype"}}, {"model": "auth.permission", "pk": 14, "fields": {"name": "Can change content type", "content_type": 4, "codename": "change_contenttype"}}, {"model": "auth.permission", "pk": 15, "fields": {"name": "Can delete content type", "content_type": 4, "codename": "delete_contenttype"}}, {"model": "auth.permission", "pk": 16, "fields": {"name": "Can view content type", "content_type": 4, "codename": "view_contenttype"}}, {"model": "auth.permission", "pk": 17, "fields": {"name": "Can add session", "content_type": 5, "codename": "add_session"}}, {"model": "auth.permission", "pk": 18, "fields": {"name": "Can change session", "content_type": 5, "codename": "change_session"}}, {"model": "auth.permission", "pk": 19, "fields": {"name": "Can delete session", "content_type": 5, "codename": "delete_session"}}, {"model": "auth.permission", "pk": 20, "fields": {"name": "Can view session", "content_type": 5, "codename": "view_session"}}, {"model": "auth.permission", "pk": 21, "fields": {"name": "Can add custom user", "content_type": 6, "codename": "add_customuser"}}, {"model": "auth.permission", "pk": 22, "fields": {"name": "Can change custom user", "content_type": 6, "codename": "change_customuser"}}, {"model": "auth.permission", "pk": 23, "fields": {"name": "Can delete custom user", "content_type": 6, "codename": "delete_customuser"}}, {"model": "auth.permission", "pk": 24, "fields": {"name": "Can view custom user", "content_type": 6, "codename": "view_customuser"}}, {"model": "auth.permission", "pk": 25, "fields": {"name": "Can add report reasons", "content_type": 7, "codename": "add_reportreasons"}}, {"model": "auth.permission", "pk": 26, "fields": {"name": "Can change report reasons", "content_type": 7, "codename": "change_reportreasons"}}, {"model": "auth.permission", "pk": 27, "fields": {"name": "Can delete report reasons", "content_type": 7, "codename": "delete_reportreasons"}}, {"model": "auth.permission", "pk": 28, "fields": {"name": "Can view report reasons", "content_type": 7, "codename": "view_reportreasons"}}, {"model": "auth.permission", "pk": 29, "fields": {"name": "Can add user info", "content_type": 8, "codename": "add_userinfo"}}, {"model": "auth.permission", "pk": 30, "fields": {"name": "Can change user info", "content_type": 8, "codename": "change_userinfo"}}, {"model": "auth.permission", "pk": 31, "fields": {"name": "Can delete user info", "content_type": 8, "codename": "delete_userinfo"}}, {"model": "auth.permission", "pk": 32, "fields": {"name": "Can view user info", "content_type": 8, "codename": "view_userinfo"}}, {"model": "auth.permission", "pk": 33, "fields": {"name": "Can add report", "content_type": 9, "codename": "add_report"}}, {"model": "auth.permission", "pk": 34, "fields": {"name": "Can change report", "content_type": 9, "codename": "change_report"}}, {"model": "auth.permission", "pk": 35, "fields": {"name": "Can delete report", "content_type": 9, "codename": "delete_report"}}, {"model": "auth.permission", "pk": 36, "fields": {"name": "Can view report", "content_type": 9, "codename": "view_report"}}, {"model": "auth.permission", "pk": 37, "fields": {"name": "Can add executedfunction", "content_type": 10, "codename": "add_executedfunction"}}, {"model": "auth.permission", "pk": 38, "fields": {"name": "Can change executedfunction", "content_type": 10, "codename": "change_executedfunction"}}, {"model": "auth.permission", "pk": 39, "fields": {"name": "Can delete executedfunction", "content_type": 10, "codename": "delete_executedfunction"}}, {"model": "auth.permission", "pk": 40, "fields": {"name": "Can view executedfunction", "content_type": 10, "codename": "view_executedfunction"}}, {"model": "auth.permission", "pk": 41, "fields": {"name": "Can add talks", "content_type": 11, "codename": "add_talks"}}, {"model": "auth.permission", "pk": 42, "fields": {"name": "Can change talks", "content_type": 11, "codename": "change_talks"}}, {"model": "auth.permission", "pk": 43, "fields": {"name": "Can delete talks", "content_type": 11, "codename": "delete_talks"}}, {"model": "auth.permission", "pk": 44, "fields": {"name": "Can view talks", "content_type": 11, "codename": "view_talks"}}, {"model": "auth.permission", "pk": 45, "fields": {"name": "Can add message", "content_type": 12, "codename": "add_message"}}, {"model": "auth.permission", "pk": 46, "fields": {"name": "Can change message", "content_type": 12, "codename": "change_message"}}, {"model": "auth.permission", "pk": 47, "fields": {"name": "Can delete message", "content_type": 12, "codename": "delete_message"}}, {"model": "auth.permission", "pk": 48, "fields": {"name": "Can view message", "content_type": 12, "codename": "view_message"}}, {"model": "auth.permission", "pk": 49, "fields": {"name": "Can add favorites", "content_type": 13, "codename": "add_favorites"}}, {"model": "auth.permission", "pk": 50, "fields": {"name": "Can change favorites", "content_type": 13, "codename": "change_favorites"}}, {"model": "auth.permission", "pk": 51, "fields": {"name": "Can delete favorites", "content_type": 13, "codename": "delete_favorites"}}, {"model": "auth.permission", "pk": 52, "fields": {"name": "Can view favorites", "content_type": 13, "codename": "view_favorites"}}, {"model": "contenttypes.contenttype", "pk": 1, "fields": {"app_label": "admin", "model": "logentry"}}, {"model": "contenttypes.contenttype", "pk": 2, "fields": {"app_label": "auth", "model": "permission"}}, {"model": "contenttypes.contenttype", "pk": 3, "fields": {"app_label": "auth", "model": "group"}}, {"model": "contenttypes.contenttype", "pk": 4, "fields": {"app_label": "contenttypes", "model": "contenttype"}}, {"model": "contenttypes.contenttype", "pk": 5, "fields": {"app_label": "sessions", "model": "session"}}, {"model": "contenttypes.contenttype", "pk": 6, "fields": {"app_label": "users", "model": "customuser"}}, {"model": "contenttypes.contenttype", "pk": 7, "fields": {"app_label": "users", "model": "reportreasons"}}, {"model": "contenttypes.contenttype", "pk": 8, "fields": {"app_label": "users", "model": "userinfo"}}, {"model": "contenttypes.contenttype", "pk": 9, "fields": {"app_label": "users", "model": "report"}}, {"model": "contenttypes.contenttype", "pk": 10, "fields": {"app_label": "postapp", "model": "executedfunction"}}, {"model": "contenttypes.contenttype", "pk": 11, "fields": {"app_label": "postapp", "model": "talks"}}, {"model": "contenttypes.contenttype", "pk": 12, "fields": {"app_label": "postapp", "model": "message"}}, {"model": "contenttypes.contenttype", "pk": 13, "fields": {"app_label": "postapp", "model": "favorites"}}, {"model": "users.customuser", "pk": 1, "fields": {"password": "pbkdf2_sha256$216000$jJhwFdPNlO9h$nfOr7dRWPPSp+cXSRWDa0S6yQbOqb++O8qOz6SC5uGY=", "last_login": "2022-01-15T06:38:19.136Z", "email": "admin@django.com", "username": "admin", "phone_number": "+818012345678", "is_active": true, "is_admin": true}}, {"model": "users.customuser", "pk": 2, "fields": {"password": "pbkdf2_sha256$216000$LgAkAIAj5O7H$MDlCQdh4naltSYIZzh4Wx3F5EpnhiLaDt0UrGwMduYQ=", "last_login": null, "email": "user_0@django.com", "username": "user_0", "phone_number": "+81323748769", "is_active": true, "is_admin": false}}, {"model": "users.customuser", "pk": 3, "fields": {"password": "pbkdf2_sha256$216000$eK5xkJROoxmJ$sDwat/cqCv4qjUxzc6cvgOwKSe86BU35SA5m6lRcpzQ=", "last_login": null, "email": "user_1@django.com", "username": "user_1", "phone_number": "+81344771789", "is_active": true, "is_admin": false}}, {"model": "users.customuser", "pk": 4, "fields": {"password": "pbkdf2_sha256$216000$3O1Rma2S1jq1$bQ5JhKxU8JOrEGU/m9GjKHyusAU9xxV2qzCmyGt3ehY=", "last_login": null, "email": "user_2@django.com", "username": "user_2", "phone_number": "+81348887843", "is_active": true, "is_admin": false}}, {"model": "users.customuser", "pk": 5, "fields": {"password": "pbkdf2_sha256$216000$cyNlSvmZBw5n$dK1UJ3ZxZVZ6yIDBpY7BpuO6kR7MLCY8vbS0kk3NDcg=", "last_login": null, "email": "user_3@django.com", "username": "user_3", "phone_number": "+81855455278", "is_active": true, "is_admin": false}}, {"model": "users.customuser", "pk": 6, "fields": {"password": "pbkdf2_sha256$216000$w7O9CmoJFyTC$JKuzFKLx2XFiV0ymfIGD4S3UOX8ZuIBDIArDMHpQUyc=", "last_login": null, "email": "user_4@django.com", "username": "user_4", "phone_number": "+81339242841", "is_active": true, "is_admin": false}}, {"model": "users.customuser", "pk": 7, "fields": {"password": "pbkdf2_sha256$216000$F0uUoEaJyEwY$zpYvT7jwuSs7oJ5/3kdEdl4fu5ON6W/B0OuYcHH7AW4=", "last_login": null, "email": "user_5@django.com", "username": "user_5", "phone_number": "+81542822897", "is_active": true, "is_admin": false}}, {"model": "users.customuser", "pk": 8, "fields": {"password": "pbkdf2_sha256$216000$DIYnZAk3ZzC7$sdgl6w9BE9PCEawpnV7vC4af6uk3kTHQiYs7VMruyho=", "last_login": null, "email": "user_6@django.com", "username": "user_6", "phone_number": "+81495174731", "is_active": true, "is_admin": false}}, {"model": "users.customuser", "pk": 9, "fields": {"password": "pbkdf2_sha256$216000$eq13K0a6TsTI$wQp0h/Mkmr5HwdEkW4SPs3WeRMQaC4IeCJD/szN0r1w=", "last_login": null, "email": "user_7@django.com", "username": "user_7", "phone_number": "+81661685455", "is_active": true, "is_admin": false}}, {"model": "users.customuser", "pk": 10, "fields": {"password": "pbkdf2_sha256$216000$AhtBVEWhB7pi$CZSjAREGoRPB8tK/hzoGO1MXtXh26ijEKJH+wUmqozA=", "last_login": null, "email": "user_8@django.com", "username": "user_8", "phone_number": "+81135221424", "is_active": true, "is_admin": false}}, {"model": "users.customuser", "pk": 11, "fields": {"password": "pbkdf2_sha256$216000$1IvYHBBdoADo$uFsFyDdVypeXAeE7nMDljp2xZvLufE0jqckH7OI3N4I=", "last_login": null, "email": "user_9@django.com", "username": "user_9", "phone_number": "+81395415439", "is_active": true, "is_admin": false}}, {"model": "users.customuser", "pk": 12, "fields": {"password": "pbkdf2_sha256$216000$0xaahPIquKrt$sthWa9PktedpGDQDuTkmmg/riSc+DY3Qs8tgjg9W6DI=", "last_login": null, "email": "user_10@django.com", "username": "user_10", "phone_number": "+81644371869", "is_active": true, "is_admin": false}}, {"model": "users.customuser", "pk": 13, "fields": {"password": "pbkdf2_sha256$216000$KfI8ETlU7W9N$qHtjhJbMk3afC3AbYg4rZWs5oAnTHr+GH9JYWj0Fr1A=", "last_login": null, "email": "user_11@django.com", "username": "user_11", "phone_number": "+81319573222", "is_active": true, "is_admin": false}}, {"model": "users.customuser", "pk": 14, "fields": {"password": "pbkdf2_sha256$216000$V9ge46CnA0m2$0W+fYhfZ4ARSKtVApNocehIk3Z6HwJ/5VvYtoh6owQE=", "last_login": null, "email": "user_12@django.com", "username": "user_12", "phone_number": "+81525525393", "is_active": true, "is_admin": false}}, {"model": "users.customuser", "pk": 15, "fields": {"password": "pbkdf2_sha256$216000$Ybbc9zGvcJtY$Tocgo9TNDRTEbrD23Jlgu+M/ibUsHmpmkjFCZK+e+QM=", "last_login": null, "email": "user_13@django.com", "username": "user_13", "phone_number": "+81873128149", "is_active": true, "is_admin": false}}, {"model": "users.customuser", "pk": 16, "fields": {"password": "pbkdf2_sha256$216000$h106QKgXlHjg$FSHjPeUYwtSjLDtFnyXrJEifxlysuNZggTtwpcyiSKI=", "last_login": null, "email": "user_14@django.com", "username": "user_14", "phone_number": "+81781557637", "is_active": true, "is_admin": false}}, {"model": "users.customuser", "pk": 17, "fields": {"password": "pbkdf2_sha256$216000$62LsPrlBUU0y$xtVnOoxfHMwArorscu2sxia8VrvraTNSb14141MrePk=", "last_login": null, "email": "user_15@django.com", "username": "user_15", "phone_number": "+81364467725", "is_active": true, "is_admin": false}}, {"model": "users.customuser", "pk": 18, "fields": {"password": "pbkdf2_sha256$216000$mC9waFs36qgv$+5KGW1YP/hullrR7hnhyi3HNLUIDhFQk60mvHsWjOZQ=", "last_login": null, "email": "user_16@django.com", "username": "user_16", "phone_number": "+81445261751", "is_active": true, "is_admin": false}}, {"model": "users.customuser", "pk": 19, "fields": {"password": "pbkdf2_sha256$216000$2k4ay9PCLT8j$SRkCE/ZM/1BRiuwDLFz9ZWNGush7/wmeRGhTsxklWGc=", "last_login": null, "email": "user_17@django.com", "username": "user_17", "phone_number": "+81335445476", "is_active": true, "is_admin": false}}, {"model": "users.customuser", "pk": 20, "fields": {"password": "pbkdf2_sha256$216000$thDQpPOLjHrb$VD8Msnd7lu5XNTlKKJQK6tk7sxnCTNY7+23YEkB3ppQ=", "last_login": null, "email": "user_18@django.com", "username": "user_18", "phone_number": "+81851343885", "is_active": true, "is_admin": false}}, {"model": "users.customuser", "pk": 21, "fields": {"password": "pbkdf2_sha256$216000$hTesySJwO7Pr$zJCJiw/KD+Lt8CshqeE2wMWUAXzx+fzwKoEdblI5RBE=", "last_login": null, "email": "user_19@django.com", "username": "user_19", "phone_number": "+81737135691", "is_active": true, "is_admin": false}}, {"model": "users.customuser", "pk": 22, "fields": {"password": "pbkdf2_sha256$216000$yHvjk8OKE6yt$jqBv2Q5JhGSTGkmaNwmeEXiXar6/avP1Fv3TnctKSak=", "last_login": null, "email": "user_20@django.com", "username": "user_20", "phone_number": "+81248485875", "is_active": true, "is_admin": false}}, {"model": "users.customuser", "pk": 23, "fields": {"password": "pbkdf2_sha256$216000$brjtSK8RdTJt$MKiLhRhDgucq3rdL4xDtWMplRgi2vBh9rRAzr2cj3Hs=", "last_login": null, "email": "user_21@django.com", "username": "user_21", "phone_number": "+81457714487", "is_active": true, "is_admin": false}}, {"model": "users.customuser", "pk": 24, "fields": {"password": "pbkdf2_sha256$216000$vLrLTH2WWN28$+Nl6U+1PaDE4MemcqSPAA84yaOUYAY7LazUYAbyVsTE=", "last_login": null, "email": "user_22@django.com", "username": "user_22", "phone_number": "+81859772882", "is_active": true, "is_admin": false}}, {"model": "users.customuser", "pk": 25, "fields": {"password": "pbkdf2_sha256$216000$UZ1Tq4dcffSp$hFOX/Lt9P6FoAaJG47hxErjEzPT+I2KPtDNFhH6/Lfg=", "last_login": null, "email": "user_23@django.com", "username": "user_23", "phone_number": "+81422982315", "is_active": true, "is_admin": false}}, {"model": "users.customuser", "pk": 26, "fields": {"password": "pbkdf2_sha256$216000$sBfpnITXwkKm$YMjyzMsypQZoWxaW3fJp+ECAFiGok1H8mBYFpYHN9Kc=", "last_login": null, "email": "user_24@django.com", "username": "user_24", "phone_number": "+81893453969", "is_active": true, "is_admin": false}}, {"model": "users.customuser", "pk": 27, "fields": {"password": "pbkdf2_sha256$216000$gb0yfpRmWgiF$AuEWE3L2GHk/KK91+WWCrq4kxEtTeO44rp2ZtCDfEsc=", "last_login": null, "email": "user_25@django.com", "username": "user_25", "phone_number": "+81784626266", "is_active": true, "is_admin": false}}, {"model": "users.customuser", "pk": 28, "fields": {"password": "pbkdf2_sha256$216000$lxp0i5mVI4Oa$GKdA4ohf2uFZOkawWaJJVrMLaSXqEAuX5F4qXPGlozw=", "last_login": null, "email": "user_26@django.com", "username": "user_26", "phone_number": "+81574635125", "is_active": true, "is_admin": false}}, {"model": "users.customuser", "pk": 29, "fields": {"password": "pbkdf2_sha256$216000$4SSNAcIQ6JyU$mwG45vP6tHH3loYedOClGA9TDjvm1C34PRNahbLxxKU=", "last_login": null, "email": "user_27@django.com", "username": "user_27", "phone_number": "+81438223621", "is_active": true, "is_admin": false}}, {"model": "users.customuser", "pk": 30, "fields": {"password": "pbkdf2_sha256$216000$d8IJWgRLQ3tv$cbGuZqohC79VIFusbRKxS8c3K2gyvqMaT160QtqViGc=", "last_login": null, "email": "user_28@django.com", "username": "user_28", "phone_number": "+81621185842", "is_active": true, "is_admin": false}}, {"model": "users.customuser", "pk": 31, "fields": {"password": "pbkdf2_sha256$216000$A9CUo5I8UqUQ$QFJuhYbe2sVZaghr7h3tnCWOU2qYDijFvhpHnFMrL/s=", "last_login": null, "email": "user_29@django.com", "username": "user_29", "phone_number": "+81554163469", "is_active": true, "is_admin": false}}, {"model": "users.customuser", "pk": 32, "fields": {"password": "pbkdf2_sha256$216000$DCsEf211X4c2$9aDEPrw4/wXC0Qn5L+A4e2wOwj819fHviZGF34rcmmE=", "last_login": null, "email": "user_30@django.com", "username": "user_30", "phone_number": "+81321767499", "is_active": true, "is_admin": false}}, {"model": "users.customuser", "pk": 33, "fields": {"password": "pbkdf2_sha256$216000$SJOW02xPuSxh$CmkIEqiOI7yDqcwsLs/E1cpDwErVLo5noNMgGlYOfQg=", "last_login": null, "email": "user_31@django.com", "username": "user_31", "phone_number": "+81441286772", "is_active": true, "is_admin": false}}, {"model": "users.customuser", "pk": 34, "fields": {"password": "pbkdf2_sha256$216000$RxVpeDjcScPr$1yJeu8iPr4AoADaQZc1IQTePrGUPA/3iWEzy4M/LBo4=", "last_login": null, "email": "user_32@django.com", "username": "user_32", "phone_number": "+81692874685", "is_active": true, "is_admin": false}}, {"model": "users.customuser", "pk": 35, "fields": {"password": "pbkdf2_sha256$216000$WbnBAO0jzqAD$YfKrobAQh+GlzpYwxcGjJ1RC86+zvhyeDiqdWF4o8M0=", "last_login": null, "email": "user_33@django.com", "username": "user_33", "phone_number": "+81528768324", "is_active": true, "is_admin": false}}, {"model": "users.customuser", "pk": 36, "fields": {"password": "pbkdf2_sha256$216000$8Tgdi7huPVVu$EKO83ImOCoUOCOZqQiV8lMdEPNOWn/kPKwJlCZ5easo=", "last_login": null, "email": "user_34@django.com", "username": "user_34", "phone_number": "+81555353661", "is_active": true, "is_admin": false}}, {"model": "users.customuser", "pk": 37, "fields": {"password": "pbkdf2_sha256$216000$OjLKbiPo84Bh$JavfyzGgYGLSnkq4vARQisDrw2kE1GbM/6KK8sQKih4=", "last_login": null, "email": "user_35@django.com", "username": "user_35", "phone_number": "+81562213839", "is_active": true, "is_admin": false}}, {"model": "users.customuser", "pk": 38, "fields": {"password": "pbkdf2_sha256$216000$upkfgBKr22Tb$ynriOdPDjRTUmaQ5whrgEhVySvvVMA0YAFpgXaGPxBI=", "last_login": null, "email": "user_36@django.com", "username": "user_36", "phone_number": "+81833999725", "is_active": true, "is_admin": false}}, {"model": "users.customuser", "pk": 39, "fields": {"password": "pbkdf2_sha256$216000$3sgcglBWFZc5$LLNkioF7tttYvKsPmmLaYRWPRf0Nkv5eOwpuA80e+BE=", "last_login": null, "email": "user_37@django.com", "username": "user_37", "phone_number": "+81695594693", "is_active": true, "is_admin": false}}, {"model": "users.customuser", "pk": 40, "fields": {"password": "pbkdf2_sha256$216000$29HekeV4xUR4$QH/ZAbqs1NHKS+6AXiSwArBPJAzpp1jQGv/yJAoVUlA=", "last_login": null, "email": "user_38@django.com", "username": "user_38", "phone_number": "+81294389511", "is_active": true, "is_admin": false}}, {"model": "users.customuser", "pk": 41, "fields": {"password": "pbkdf2_sha256$216000$j1VSeSMR4m2l$rtXML1AgILkFO/5o7AnH8EH8JRgtxVmVjJ3veBcmz0E=", "last_login": null, "email": "user_39@django.com", "username": "user_39", "phone_number": "+81351549229", "is_active": true, "is_admin": false}}, {"model": "users.customuser", "pk": 42, "fields": {"password": "pbkdf2_sha256$216000$J6dYoniZr4xT$uuUuGZnk3IJ0+6UGfNg4CDHMVF5G7z5bCo1BmaZnCak=", "last_login": null, "email": "user_40@django.com", "username": "user_40", "phone_number": "+81174529219", "is_active": true, "is_admin": false}}, {"model": "users.customuser", "pk": 43, "fields": {"password": "pbkdf2_sha256$216000$GMRx2GvF725c$lop+kn+ob8SumidVqgHDhRJGur/Mq+OIgoWcHljOREo=", "last_login": null, "email": "user_41@django.com", "username": "user_41", "phone_number": "+81479646929", "is_active": true, "is_admin": false}}, {"model": "users.customuser", "pk": 44, "fields": {"password": "pbkdf2_sha256$216000$gAV2jsS1Rxx9$HikuBQ+hC1EZqKVy6rYsUULgBR3Zj2+OAJk8evWdPY8=", "last_login": null, "email": "user_42@django.com", "username": "user_42", "phone_number": "+81845496184", "is_active": true, "is_admin": false}}, {"model": "users.customuser", "pk": 45, "fields": {"password": "pbkdf2_sha256$216000$GNvyfDPJXuvx$K4rMnZHCeDVuMTALQTSF728S10eLVOMTz/pw09CIOww=", "last_login": null, "email": "user_43@django.com", "username": "user_43", "phone_number": "+81399922656", "is_active": true, "is_admin": false}}, {"model": "users.customuser", "pk": 46, "fields": {"password": "pbkdf2_sha256$216000$29qGfHYNv7MA$9B+4PfkTkpoXx4mDGXJmuP8a5GP7jBCXEt94GuVtbLo=", "last_login": null, "email": "user_44@django.com", "username": "user_44", "phone_number": "+81625292125", "is_active": true, "is_admin": false}}, {"model": "users.customuser", "pk": 47, "fields": {"password": "pbkdf2_sha256$216000$PHtZKYk8znC5$9b0a3EKTA7LByBKG/G2qPEC/ryZZVaLactEa9gxBYIg=", "last_login": null, "email": "user_45@django.com", "username": "user_45", "phone_number": "+81528687923", "is_active": true, "is_admin": false}}, {"model": "users.customuser", "pk": 48, "fields": {"password": "pbkdf2_sha256$216000$jszhGbu11iNY$D2lN3j08jqKIRSuD15g5u2Rwrmp4svwgvM+sxYVt4xg=", "last_login": null, "email": "user_46@django.com", "username": "user_46", "phone_number": "+81465969646", "is_active": true, "is_admin": false}}, {"model": "users.customuser", "pk": 49, "fields": {"password": "pbkdf2_sha256$216000$GRGTunJREVVC$pWLOzgkPmmU3EkF2QvDWgEXToeJuR40ibqmsg5zQ1lA=", "last_login": null, "email": "user_47@django.com", "username": "user_47", "phone_number": "+81197224917", "is_active": true, "is_admin": false}}, {"model": "users.customuser", "pk": 50, "fields": {"password": "pbkdf2_sha256$216000$RNXXZ7TMY6Ag$aUGmi3jsbNY2xVBkhRJH2lR6N3I1vvAdZRGdjcijgoM=", "last_login": null, "email": "user_48@django.com", "username": "user_48", "phone_number": "+81626416871", "is_active": true, "is_admin": false}}, {"model": "users.customuser", "pk": 51, "fields": {"password": "pbkdf2_sha256$216000$VMmVRsnp5LpW$gC1UVE0L7z8l+DJsjyncbexug79JeNn4JWOpPQTwU2c=", "last_login": null, "email": "user_49@django.com", "username": "user_49", "phone_number": "+81975555311", "is_active": true, "is_admin": false}}, {"model": "users.userinfo", "pk": "041e79c2-9cc7-4c21-8459-772eed401221", "fields": {"user": 5, "nationality": "JP", "age": null, "gender": null, "gender_of_love": null, "introduction": "", "profile_image": "no_image.png", "count_send_new_messages_in_a_day": 0, "priority_rank": 7, "capacity_new_msg": 2, "count_send_new_messages": 0, "count_receive_new_messages": 0, "count_login": 0, "count_first_reply": 0, "count_bad_messages": 0}}, {"model": "users.userinfo", "pk": "0abc0cf4-1f16-4cb3-988f-0f769756a2b0", "fields": {"user": 29, "nationality": "JP", "age": null, "gender": null, "gender_of_love": null, "introduction": "", "profile_image": "no_image.png", "count_send_new_messages_in_a_day": 0, "priority_rank": 7, "capacity_new_msg": 2, "count_send_new_messages": 0, "count_receive_new_messages": 0, "count_login": 0, "count_first_reply": 0, "count_bad_messages": 0}}, {"model": "users.userinfo", "pk": "0beb3f4d-5085-4ff6-a57d-42f3b40250ca", "fields": {"user": 17, "nationality": "JP", "age": null, "gender": null, "gender_of_love": null, "introduction": "", "profile_image": "no_image.png", "count_send_new_messages_in_a_day": 0, "priority_rank": 7, "capacity_new_msg": 2, "count_send_new_messages": 0, "count_receive_new_messages": 0, "count_login": 0, "count_first_reply": 0, "count_bad_messages": 0}}, {"model": "users.userinfo", "pk": "0fea9c95-cb6d-432e-9d77-7d5d08ba15bc", "fields": {"user": 26, "nationality": "JP", "age": null, "gender": null, "gender_of_love": null, "introduction": "", "profile_image": "no_image.png", "count_send_new_messages_in_a_day": 0, "priority_rank": 7, "capacity_new_msg": 2, "count_send_new_messages": 0, "count_receive_new_messages": 0, "count_login": 0, "count_first_reply": 0, "count_bad_messages": 0}}, {"model": "users.userinfo", "pk": "16761302-531e-42b9-8ef2-6745069606af", "fields": {"user": 34, "nationality": "JP", "age": null, "gender": null, "gender_of_love": null, "introduction": "", "profile_image": "no_image.png", "count_send_new_messages_in_a_day": 0, "priority_rank": 7, "capacity_new_msg": 2, "count_send_new_messages": 0, "count_receive_new_messages": 0, "count_login": 0, "count_first_reply": 0, "count_bad_messages": 0}}, {"model": "users.userinfo", "pk": "18269b78-3a9c-4c2b-a174-3bcc0b5aced5", "fields": {"user": 33, "nationality": "JP", "age": null, "gender": null, "gender_of_love": null, "introduction": "", "profile_image": "no_image.png", "count_send_new_messages_in_a_day": 0, "priority_rank": 7, "capacity_new_msg": 2, "count_send_new_messages": 0, "count_receive_new_messages": 0, "count_login": 0, "count_first_reply": 0, "count_bad_messages": 0}}, {"model": "users.userinfo", "pk": "201c85ca-3b3f-4bef-9e4b-63daa4101977", "fields": {"user": 51, "nationality": "JP", "age": null, "gender": null, "gender_of_love": null, "introduction": "", "profile_image": "no_image.png", "count_send_new_messages_in_a_day": 0, "priority_rank": 7, "capacity_new_msg": 2, "count_send_new_messages": 0, "count_receive_new_messages": 0, "count_login": 0, "count_first_reply": 0, "count_bad_messages": 0}}, {"model": "users.userinfo", "pk": "229401a1-43c1-4445-85a5-f6721c64d5a3", "fields": {"user": 4, "nationality": "JP", "age": null, "gender": null, "gender_of_love": null, "introduction": "", "profile_image": "no_image.png", "count_send_new_messages_in_a_day": 0, "priority_rank": 7, "capacity_new_msg": 2, "count_send_new_messages": 0, "count_receive_new_messages": 0, "count_login": 0, "count_first_reply": 0, "count_bad_messages": 0}}, {"model": "users.userinfo", "pk": "2322f728-9361-42d6-89e7-410939cfec7a", "fields": {"user": 44, "nationality": "JP", "age": null, "gender": null, "gender_of_love": null, "introduction": "", "profile_image": "no_image.png", "count_send_new_messages_in_a_day": 0, "priority_rank": 7, "capacity_new_msg": 2, "count_send_new_messages": 0, "count_receive_new_messages": 0, "count_login": 0, "count_first_reply": 0, "count_bad_messages": 0}}, {"model": "users.userinfo", "pk": "29002f9c-4df2-49a9-87a7-cac4c3e7f774", "fields": {"user": 18, "nationality": "JP", "age": null, "gender": null, "gender_of_love": null, "introduction": "", "profile_image": "no_image.png", "count_send_new_messages_in_a_day": 0, "priority_rank": 7, "capacity_new_msg": 2, "count_send_new_messages": 0, "count_receive_new_messages": 0, "count_login": 0, "count_first_reply": 0, "count_bad_messages": 0}}, {"model": "users.userinfo", "pk": "2c7ffb86-7dc1-4b72-a386-1f2ce29423be", "fields": {"user": 23, "nationality": "JP", "age": null, "gender": null, "gender_of_love": null, "introduction": "", "profile_image": "no_image.png", "count_send_new_messages_in_a_day": 0, "priority_rank": 7, "capacity_new_msg": 2, "count_send_new_messages": 0, "count_receive_new_messages": 0, "count_login": 0, "count_first_reply": 0, "count_bad_messages": 0}}, {"model": "users.userinfo", "pk": "387ffbef-ea74-4f98-8ea9-67eded56205e", "fields": {"user": 32, "nationality": "JP", "age": null, "gender": null, "gender_of_love": null, "introduction": "", "profile_image": "no_image.png", "count_send_new_messages_in_a_day": 0, "priority_rank": 7, "capacity_new_msg": 2, "count_send_new_messages": 0, "count_receive_new_messages": 0, "count_login": 0, "count_first_reply": 0, "count_bad_messages": 0}}, {"model": "users.userinfo", "pk": "3adf9ca3-fe0a-4d3f-b4d2-6635e0352f66", "fields": {"user": 8, "nationality": "JP", "age": null, "gender": null, "gender_of_love": null, "introduction": "", "profile_image": "no_image.png", "count_send_new_messages_in_a_day": 0, "priority_rank": 7, "capacity_new_msg": 2, "count_send_new_messages": 0, "count_receive_new_messages": 0, "count_login": 0, "count_first_reply": 0, "count_bad_messages": 0}}, {"model": "users.userinfo", "pk": "4144a594-2b79-42af-982d-2f298bfb9db0", "fields": {"user": 9, "nationality": "JP", "age": null, "gender": null, "gender_of_love": null, "introduction": "", "profile_image": "no_image.png", "count_send_new_messages_in_a_day": 0, "priority_rank": 7, "capacity_new_msg": 2, "count_send_new_messages": 0, "count_receive_new_messages": 0, "count_login": 0, "count_first_reply": 0, "count_bad_messages": 0}}, {"model": "users.userinfo", "pk": "46166d7e-5a8e-4ac4-b466-ee306688a625", "fields": {"user": 15, "nationality": "JP", "age": null, "gender": null, "gender_of_love": null, "introduction": "", "profile_image": "no_image.png", "count_send_new_messages_in_a_day": 0, "priority_rank": 7, "capacity_new_msg": 2, "count_send_new_messages": 0, "count_receive_new_messages": 0, "count_login": 0, "count_first_reply": 0, "count_bad_messages": 0}}, {"model": "users.userinfo", "pk": "468a020e-9164-4563-a5a2-8dff4f27ab69", "fields": {"user": 49, "nationality": "JP", "age": null, "gender": null, "gender_of_love": null, "introduction": "", "profile_image": "no_image.png", "count_send_new_messages_in_a_day": 0, "priority_rank": 7, "capacity_new_msg": 2, "count_send_new_messages": 0, "count_receive_new_messages": 0, "count_login": 0, "count_first_reply": 0, "count_bad_messages": 0}}, {"model": "users.userinfo", "pk": "4dc004eb-954d-4210-bdf9-c9f4e24356b7", "fields": {"user": 48, "nationality": "JP", "age": null, "gender": null, "gender_of_love": null, "introduction": "", "profile_image": "no_image.png", "count_send_new_messages_in_a_day": 0, "priority_rank": 7, "capacity_new_msg": 2, "count_send_new_messages": 0, "count_receive_new_messages": 0, "count_login": 0, "count_first_reply": 0, "count_bad_messages": 0}}, {"model": "users.userinfo", "pk": "50c05e2c-ff06-4dbc-a9bc-bb72af19d832", "fields": {"user": 41, "nationality": "JP", "age": null, "gender": null, "gender_of_love": null, "introduction": "", "profile_image": "no_image.png", "count_send_new_messages_in_a_day": 0, "priority_rank": 7, "capacity_new_msg": 2, "count_send_new_messages": 0, "count_receive_new_messages": 0, "count_login": 0, "count_first_reply": 0, "count_bad_messages": 0}}, {"model": "users.userinfo", "pk": "55b25eb7-e5bf-45e6-b6a2-d918a8a38ace", "fields": {"user": 39, "nationality": "JP", "age": null, "gender": null, "gender_of_love": null, "introduction": "", "profile_image": "no_image.png", "count_send_new_messages_in_a_day": 0, "priority_rank": 7, "capacity_new_msg": 2, "count_send_new_messages": 0, "count_receive_new_messages": 0, "count_login": 0, "count_first_reply": 0, "count_bad_messages": 0}}, {"model": "users.userinfo", "pk": "56dabbb5-3019-48b9-bf87-cdbed47af0bf", "fields": {"user": 25, "nationality": "JP", "age": null, "gender": null, "gender_of_love": null, "introduction": "", "profile_image": "no_image.png", "count_send_new_messages_in_a_day": 0, "priority_rank": 7, "capacity_new_msg": 2, "count_send_new_messages": 0, "count_receive_new_messages": 0, "count_login": 0, "count_first_reply": 0, "count_bad_messages": 0}}, {"model": "users.userinfo", "pk": "5c39cbf1-1c81-4e54-9b1d-92d77159f85c", "fields": {"user": 11, "nationality": "JP", "age": null, "gender": null, "gender_of_love": null, "introduction": "", "profile_image": "no_image.png", "count_send_new_messages_in_a_day": 0, "priority_rank": 7, "capacity_new_msg": 2, "count_send_new_messages": 0, "count_receive_new_messages": 0, "count_login": 0, "count_first_reply": 0, "count_bad_messages": 0}}, {"model": "users.userinfo", "pk": "5e6ece41-329e-47a5-a149-fd65c90fdaaf", "fields": {"user": 22, "nationality": "JP", "age": null, "gender": null, "gender_of_love": null, "introduction": "", "profile_image": "no_image.png", "count_send_new_messages_in_a_day": 0, "priority_rank": 7, "capacity_new_msg": 2, "count_send_new_messages": 0, "count_receive_new_messages": 0, "count_login": 0, "count_first_reply": 0, "count_bad_messages": 0}}, {"model": "users.userinfo", "pk": "6b7564e1-9414-4b36-ba5f-039ad31309af", "fields": {"user": 2, "nationality": "JP", "age": null, "gender": null, "gender_of_love": null, "introduction": "", "profile_image": "no_image.png", "count_send_new_messages_in_a_day": 0, "priority_rank": 7, "capacity_new_msg": 2, "count_send_new_messages": 0, "count_receive_new_messages": 0, "count_login": 0, "count_first_reply": 0, "count_bad_messages": 0}}, {"model": "users.userinfo", "pk": "748c6eb5-3682-495f-91cd-a2d5a4870a69", "fields": {"user": 19, "nationality": "JP", "age": null, "gender": null, "gender_of_love": null, "introduction": "", "profile_image": "no_image.png", "count_send_new_messages_in_a_day": 0, "priority_rank": 7, "capacity_new_msg": 2, "count_send_new_messages": 0, "count_receive_new_messages": 0, "count_login": 0, "count_first_reply": 0, "count_bad_messages": 0}}, {"model": "users.userinfo", "pk": "810c413c-9b32-44b3-813d-ff58f8f1909f", "fields": {"user": 46, "nationality": "JP", "age": null, "gender": null, "gender_of_love": null, "introduction": "", "profile_image": "no_image.png", "count_send_new_messages_in_a_day": 0, "priority_rank": 7, "capacity_new_msg": 2, "count_send_new_messages": 0, "count_receive_new_messages": 0, "count_login": 0, "count_first_reply": 0, "count_bad_messages": 0}}, {"model": "users.userinfo", "pk": "9123ab4e-1fb2-4142-b588-fd6add92d7da", "fields": {"user": 14, "nationality": "JP", "age": null, "gender": null, "gender_of_love": null, "introduction": "", "profile_image": "no_image.png", "count_send_new_messages_in_a_day": 0, "priority_rank": 7, "capacity_new_msg": 2, "count_send_new_messages": 0, "count_receive_new_messages": 0, "count_login": 0, "count_first_reply": 0, "count_bad_messages": 0}}, {"model": "users.userinfo", "pk": "9154b227-818d-4ad6-88ed-53d2ed5d0ec4", "fields": {"user": 12, "nationality": "JP", "age": null, "gender": null, "gender_of_love": null, "introduction": "", "profile_image": "no_image.png", "count_send_new_messages_in_a_day": 0, "priority_rank": 7, "capacity_new_msg": 2, "count_send_new_messages": 0, "count_receive_new_messages": 0, "count_login": 0, "count_first_reply": 0, "count_bad_messages": 0}}, {"model": "users.userinfo", "pk": "92e654d2-ead6-4d78-86a4-1451cae0eba5", "fields": {"user": 36, "nationality": "JP", "age": null, "gender": null, "gender_of_love": null, "introduction": "", "profile_image": "no_image.png", "count_send_new_messages_in_a_day": 0, "priority_rank": 7, "capacity_new_msg": 2, "count_send_new_messages": 0, "count_receive_new_messages": 0, "count_login": 0, "count_first_reply": 0, "count_bad_messages": 0}}, {"model": "users.userinfo", "pk": "930f3aec-5d1d-4cdd-9b99-32f2a3433f9c", "fields": {"user": 42, "nationality": "JP", "age": null, "gender": null, "gender_of_love": null, "introduction": "", "profile_image": "no_image.png", "count_send_new_messages_in_a_day": 0, "priority_rank": 7, "capacity_new_msg": 2, "count_send_new_messages": 0, "count_receive_new_messages": 0, "count_login": 0, "count_first_reply": 0, "count_bad_messages": 0}}, {"model": "users.userinfo", "pk": "9ab31e64-8834-42ae-a0b0-033d89a59914", "fields": {"user": 47, "nationality": "JP", "age": null, "gender": null, "gender_of_love": null, "introduction": "", "profile_image": "no_image.png", "count_send_new_messages_in_a_day": 0, "priority_rank": 7, "capacity_new_msg": 2, "count_send_new_messages": 0, "count_receive_new_messages": 0, "count_login": 0, "count_first_reply": 0, "count_bad_messages": 0}}, {"model": "users.userinfo", "pk": "a87a7a95-f636-4522-b34d-219b3056656e", "fields": {"user": 38, "nationality": "JP", "age": null, "gender": null, "gender_of_love": null, "introduction": "", "profile_image": "no_image.png", "count_send_new_messages_in_a_day": 0, "priority_rank": 7, "capacity_new_msg": 2, "count_send_new_messages": 0, "count_receive_new_messages": 0, "count_login": 0, "count_first_reply": 0, "count_bad_messages": 0}}, {"model": "users.userinfo", "pk": "b04a152c-ec8b-485e-9267-9e6521714b49", "fields": {"user": 10, "nationality": "JP", "age": null, "gender": null, "gender_of_love": null, "introduction": "", "profile_image": "no_image.png", "count_send_new_messages_in_a_day": 0, "priority_rank": 7, "capacity_new_msg": 2, "count_send_new_messages": 0, "count_receive_new_messages": 0, "count_login": 0, "count_first_reply": 0, "count_bad_messages": 0}}, {"model": "users.userinfo", "pk": "c2febca9-c6ac-4021-bfe8-d7e63b8f018a", "fields": {"user": 20, "nationality": "JP", "age": null, "gender": null, "gender_of_love": null, "introduction": "", "profile_image": "no_image.png", "count_send_new_messages_in_a_day": 0, "priority_rank": 7, "capacity_new_msg": 2, "count_send_new_messages": 0, "count_receive_new_messages": 0, "count_login": 0, "count_first_reply": 0, "count_bad_messages": 0}}, {"model": "users.userinfo", "pk": "c47f18e4-c9c8-4909-bfbd-3b63cb88bdd9", "fields": {"user": 6, "nationality": "JP", "age": null, "gender": null, "gender_of_love": null, "introduction": "", "profile_image": "no_image.png", "count_send_new_messages_in_a_day": 0, "priority_rank": 7, "capacity_new_msg": 2, "count_send_new_messages": 0, "count_receive_new_messages": 0, "count_login": 0, "count_first_reply": 0, "count_bad_messages": 0}}, {"model": "users.userinfo", "pk": "c60b2922-0b04-4c4e-9d95-aa0d96d6de0f", "fields": {"user": 21, "nationality": "JP", "age": null, "gender": null, "gender_of_love": null, "introduction": "", "profile_image": "no_image.png", "count_send_new_messages_in_a_day": 0, "priority_rank": 7, "capacity_new_msg": 2, "count_send_new_messages": 0, "count_receive_new_messages": 0, "count_login": 0, "count_first_reply": 0, "count_bad_messages": 0}}, {"model": "users.userinfo", "pk": "cd589683-8b92-4499-9d80-e0eb65c22ca3", "fields": {"user": 16, "nationality": "JP", "age": null, "gender": null, "gender_of_love": null, "introduction": "", "profile_image": "no_image.png", "count_send_new_messages_in_a_day": 0, "priority_rank": 7, "capacity_new_msg": 2, "count_send_new_messages": 0, "count_receive_new_messages": 0, "count_login": 0, "count_first_reply": 0, "count_bad_messages": 0}}, {"model": "users.userinfo", "pk": "cf5ff7e5-b12d-4177-8c28-d079dda7a1b4", "fields": {"user": 45, "nationality": "JP", "age": null, "gender": null, "gender_of_love": null, "introduction": "", "profile_image": "no_image.png", "count_send_new_messages_in_a_day": 0, "priority_rank": 7, "capacity_new_msg": 2, "count_send_new_messages": 0, "count_receive_new_messages": 0, "count_login": 0, "count_first_reply": 0, "count_bad_messages": 0}}, {"model": "users.userinfo", "pk": "d07bfb8a-e657-4381-8865-3e577b40cd5a", "fields": {"user": 7, "nationality": "JP", "age": null, "gender": null, "gender_of_love": null, "introduction": "", "profile_image": "no_image.png", "count_send_new_messages_in_a_day": 0, "priority_rank": 7, "capacity_new_msg": 2, "count_send_new_messages": 0, "count_receive_new_messages": 0, "count_login": 0, "count_first_reply": 0, "count_bad_messages": 0}}, {"model": "users.userinfo", "pk": "d3879127-a6c3-4566-a0e2-748fad34ecf1", "fields": {"user": 27, "nationality": "JP", "age": null, "gender": null, "gender_of_love": null, "introduction": "", "profile_image": "no_image.png", "count_send_new_messages_in_a_day": 0, "priority_rank": 7, "capacity_new_msg": 2, "count_send_new_messages": 0, "count_receive_new_messages": 0, "count_login": 0, "count_first_reply": 0, "count_bad_messages": 0}}, {"model": "users.userinfo", "pk": "da181778-f785-4b33-bc0b-79000f901a6f", "fields": {"user": 24, "nationality": "JP", "age": null, "gender": null, "gender_of_love": null, "introduction": "", "profile_image": "no_image.png", "count_send_new_messages_in_a_day": 0, "priority_rank": 7, "capacity_new_msg": 2, "count_send_new_messages": 0, "count_receive_new_messages": 0, "count_login": 0, "count_first_reply": 0, "count_bad_messages": 0}}, {"model": "users.userinfo", "pk": "ddaf80e6-e592-4c96-bb98-49bc873c84ad", "fields": {"user": 28, "nationality": "JP", "age": null, "gender": null, "gender_of_love": null, "introduction": "", "profile_image": "no_image.png", "count_send_new_messages_in_a_day": 0, "priority_rank": 7, "capacity_new_msg": 2, "count_send_new_messages": 0, "count_receive_new_messages": 0, "count_login": 0, "count_first_reply": 0, "count_bad_messages": 0}}, {"model": "users.userinfo", "pk": "e04f34e2-3ec4-422a-b7db-1f7cc35ae6b8", "fields": {"user": 13, "nationality": "JP", "age": null, "gender": null, "gender_of_love": null, "introduction": "", "profile_image": "no_image.png", "count_send_new_messages_in_a_day": 0, "priority_rank": 7, "capacity_new_msg": 2, "count_send_new_messages": 0, "count_receive_new_messages": 0, "count_login": 0, "count_first_reply": 0, "count_bad_messages": 0}}, {"model": "users.userinfo", "pk": "e2ef3b04-6247-43f5-be45-d9eb766a6ec6", "fields": {"user": 31, "nationality": "JP", "age": null, "gender": null, "gender_of_love": null, "introduction": "", "profile_image": "no_image.png", "count_send_new_messages_in_a_day": 0, "priority_rank": 7, "capacity_new_msg": 2, "count_send_new_messages": 0, "count_receive_new_messages": 0, "count_login": 0, "count_first_reply": 0, "count_bad_messages": 0}}, {"model": "users.userinfo", "pk": "e697ec0c-fced-422a-81f1-3a49c1716efc", "fields": {"user": 3, "nationality": "JP", "age": null, "gender": null, "gender_of_love": null, "introduction": "", "profile_image": "no_image.png", "count_send_new_messages_in_a_day": 0, "priority_rank": 7, "capacity_new_msg": 2, "count_send_new_messages": 0, "count_receive_new_messages": 0, "count_login": 0, "count_first_reply": 0, "count_bad_messages": 0}}, {"model": "users.userinfo", "pk": "eeba7592-5379-4e21-ac13-01276b51c643", "fields": {"user": 1, "nationality": "JP", "age": null, "gender": null, "gender_of_love": null, "introduction": "", "profile_image": "no_image.png", "count_send_new_messages_in_a_day": 0, "priority_rank": 7, "capacity_new_msg": 2, "count_send_new_messages": 0, "count_receive_new_messages": 0, "count_login": 0, "count_first_reply": 0, "count_bad_messages": 0}}, {"model": "users.userinfo", "pk": "efd32f5a-f2b2-436a-8c77-9e02a813d4ee", "fields": {"user": 30, "nationality": "JP", "age": null, "gender": null, "gender_of_love": null, "introduction": "", "profile_image": "no_image.png", "count_send_new_messages_in_a_day": 0, "priority_rank": 7, "capacity_new_msg": 2, "count_send_new_messages": 0, "count_receive_new_messages": 0, "count_login": 0, "count_first_reply": 0, "count_bad_messages": 0}}, {"model": "users.userinfo", "pk": "f0e39c6c-4f65-459e-b8a4-34b669707ebb", "fields": {"user": 40, "nationality": "JP", "age": null, "gender": null, "gender_of_love": null, "introduction": "", "profile_image": "no_image.png", "count_send_new_messages_in_a_day": 0, "priority_rank": 7, "capacity_new_msg": 2, "count_send_new_messages": 0, "count_receive_new_messages": 0, "count_login": 0, "count_first_reply": 0, "count_bad_messages": 0}}, {"model": "users.userinfo", "pk": "f1506746-2e44-439e-bd30-a61767457522", "fields": {"user": 50, "nationality": "JP", "age": null, "gender": null, "gender_of_love": null, "introduction": "", "profile_image": "no_image.png", "count_send_new_messages_in_a_day": 0, "priority_rank": 7, "capacity_new_msg": 2, "count_send_new_messages": 0, "count_receive_new_messages": 0, "count_login": 0, "count_first_reply": 0, "count_bad_messages": 0}}, {"model": "users.userinfo", "pk": "f1e4d038-c65b-48be-9a14-a09b0903ab2c", "fields": {"user": 35, "nationality": "JP", "age": null, "gender": null, "gender_of_love": null, "introduction": "", "profile_image": "no_image.png", "count_send_new_messages_in_a_day": 0, "priority_rank": 7, "capacity_new_msg": 2, "count_send_new_messages": 0, "count_receive_new_messages": 0, "count_login": 0, "count_first_reply": 0, "count_bad_messages": 0}}, {"model": "users.userinfo", "pk": "f8768402-7663-48dd-9848-d18f80d57b19", "fields": {"user": 43, "nationality": "JP", "age": null, "gender": null, "gender_of_love": null, "introduction": "", "profile_image": "no_image.png", "count_send_new_messages_in_a_day": 0, "priority_rank": 7, "capacity_new_msg": 2, "count_send_new_messages": 0, "count_receive_new_messages": 0, "count_login": 0, "count_first_reply": 0, "count_bad_messages": 0}}, {"model": "users.userinfo", "pk": "f8971b8a-831b-424f-b61e-0c1be8c36de3", "fields": {"user": 37, "nationality": "JP", "age": null, "gender": null, "gender_of_love": null, "introduction": "", "profile_image": "no_image.png", "count_send_new_messages_in_a_day": 0, "priority_rank": 7, "capacity_new_msg": 2, "count_send_new_messages": 0, "count_receive_new_messages": 0, "count_login": 0, "count_first_reply": 0, "count_bad_messages": 0}}, {"model": "postapp.executedfunction", "pk": "reset_count_for_priority_rank", "fields": {"executed_at": "2022-01-15T06:38:20Z"}}, {"model": "postapp.executedfunction", "pk": "update_sending_priority_rank", "fields": {"executed_at": "2022-01-15T06:38:19Z"}}]