[{"model": "admin.logentry", "pk": 1, "fields": {"action_time": "2021-11-20T05:29:31.348Z", "user": 1, "content_type": 8, "object_id": "987260a3-62f3-41d0-aa39-1fde4dd37182", "object_repr": "admin", "action_flag": 1, "change_message": "[{\"added\": {}}]"}}, {"model": "admin.logentry", "pk": 2, "fields": {"action_time": "2021-11-20T05:29:31.968Z", "user": 1, "content_type": 10, "object_id": "1", "object_repr": "update_seiding_priority", "action_flag": 1, "change_message": "[{\"added\": {}}]"}}, {"model": "admin.logentry", "pk": 3, "fields": {"action_time": "2021-11-20T05:29:32.274Z", "user": 1, "content_type": 10, "object_id": "2", "object_repr": "update_count_for_priority", "action_flag": 1, "change_message": "[{\"added\": {}}]"}}, {"model": "admin.logentry", "pk": 4, "fields": {"action_time": "2021-11-20T05:29:33.304Z", "user": 1, "content_type": 6, "object_id": "2", "object_repr": "user_0", "action_flag": 1, "change_message": "[{\"added\": {}}]"}}, {"model": "admin.logentry", "pk": 5, "fields": {"action_time": "2021-11-20T05:29:33.865Z", "user": 1, "content_type": 8, "object_id": "cf3cb375-e3c5-4632-8079-8195fe8af636", "object_repr": "user_0", "action_flag": 1, "change_message": "[{\"added\": {}}]"}}, {"model": "admin.logentry", "pk": 6, "fields": {"action_time": "2021-11-20T05:29:35.522Z", "user": 1, "content_type": 6, "object_id": "3", "object_repr": "user_1", "action_flag": 1, "change_message": "[{\"added\": {}}]"}}, {"model": "admin.logentry", "pk": 7, "fields": {"action_time": "2021-11-20T05:29:36.062Z", "user": 1, "content_type": 8, "object_id": "d65f1398-ba50-4028-aed6-1a477e389db8", "object_repr": "user_1", "action_flag": 1, "change_message": "[{\"added\": {}}]"}}, {"model": "admin.logentry", "pk": 8, "fields": {"action_time": "2021-11-20T05:29:36.916Z", "user": 1, "content_type": 6, "object_id": "4", "object_repr": "user_2", "action_flag": 1, "change_message": "[{\"added\": {}}]"}}, {"model": "admin.logentry", "pk": 9, "fields": {"action_time": "2021-11-20T05:29:37.479Z", "user": 1, "content_type": 8, "object_id": "e06a8d6f-5d1e-490d-b4fe-802639d5266b", "object_repr": "user_2", "action_flag": 1, "change_message": "[{\"added\": {}}]"}}, {"model": "admin.logentry", "pk": 10, "fields": {"action_time": "2021-11-20T05:29:38.336Z", "user": 1, "content_type": 6, "object_id": "5", "object_repr": "user_3", "action_flag": 1, "change_message": "[{\"added\": {}}]"}}, {"model": "admin.logentry", "pk": 11, "fields": {"action_time": "2021-11-20T05:29:38.905Z", "user": 1, "content_type": 8, "object_id": "05b913a3-5598-4c59-a706-45837714a76e", "object_repr": "user_3", "action_flag": 1, "change_message": "[{\"added\": {}}]"}}, {"model": "admin.logentry", "pk": 12, "fields": {"action_time": "2021-11-20T05:29:39.797Z", "user": 1, "content_type": 6, "object_id": "6", "object_repr": "user_4", "action_flag": 1, "change_message": "[{\"added\": {}}]"}}, {"model": "admin.logentry", "pk": 13, "fields": {"action_time": "2021-11-20T05:29:40.325Z", "user": 1, "content_type": 8, "object_id": "e50c2344-12cf-4d32-8249-68cebd4e7c52", "object_repr": "user_4", "action_flag": 1, "change_message": "[{\"added\": {}}]"}}, {"model": "admin.logentry", "pk": 14, "fields": {"action_time": "2021-11-20T05:29:41.227Z", "user": 1, "content_type": 6, "object_id": "7", "object_repr": "user_5", "action_flag": 1, "change_message": "[{\"added\": {}}]"}}, {"model": "admin.logentry", "pk": 15, "fields": {"action_time": "2021-11-20T05:29:41.824Z", "user": 1, "content_type": 8, "object_id": "f3bc5f1d-090f-4eca-909a-511411bc1188", "object_repr": "user_5", "action_flag": 1, "change_message": "[{\"added\": {}}]"}}, {"model": "admin.logentry", "pk": 16, "fields": {"action_time": "2021-11-20T05:29:42.754Z", "user": 1, "content_type": 6, "object_id": "8", "object_repr": "user_6", "action_flag": 1, "change_message": "[{\"added\": {}}]"}}, {"model": "admin.logentry", "pk": 17, "fields": {"action_time": "2021-11-20T05:29:43.267Z", "user": 1, "content_type": 8, "object_id": "81af1637-7950-434a-a926-8f80217c3d30", "object_repr": "user_6", "action_flag": 1, "change_message": "[{\"added\": {}}]"}}, {"model": "admin.logentry", "pk": 18, "fields": {"action_time": "2021-11-20T05:29:44.214Z", "user": 1, "content_type": 6, "object_id": "9", "object_repr": "user_7", "action_flag": 1, "change_message": "[{\"added\": {}}]"}}, {"model": "admin.logentry", "pk": 19, "fields": {"action_time": "2021-11-20T05:29:44.745Z", "user": 1, "content_type": 8, "object_id": "a22fced4-dd87-46a6-81d3-7226b1aa4565", "object_repr": "user_7", "action_flag": 1, "change_message": "[{\"added\": {}}]"}}, {"model": "admin.logentry", "pk": 20, "fields": {"action_time": "2021-11-20T05:29:45.614Z", "user": 1, "content_type": 6, "object_id": "10", "object_repr": "user_8", "action_flag": 1, "change_message": "[{\"added\": {}}]"}}, {"model": "admin.logentry", "pk": 21, "fields": {"action_time": "2021-11-20T05:29:46.161Z", "user": 1, "content_type": 8, "object_id": "3eeb78f4-e1cd-42b9-847a-7a8c8224ce0a", "object_repr": "user_8", "action_flag": 1, "change_message": "[{\"added\": {}}]"}}, {"model": "admin.logentry", "pk": 22, "fields": {"action_time": "2021-11-20T05:29:47.781Z", "user": 1, "content_type": 6, "object_id": "11", "object_repr": "user_9", "action_flag": 1, "change_message": "[{\"added\": {}}]"}}, {"model": "admin.logentry", "pk": 23, "fields": {"action_time": "2021-11-20T05:29:48.342Z", "user": 1, "content_type": 8, "object_id": "8cda1e01-1bb9-4e96-ad5a-b55a75d1ef09", "object_repr": "user_9", "action_flag": 1, "change_message": "[{\"added\": {}}]"}}, {"model": "admin.logentry", "pk": 24, "fields": {"action_time": "2021-11-20T05:29:49.222Z", "user": 1, "content_type": 6, "object_id": "12", "object_repr": "user_10", "action_flag": 1, "change_message": "[{\"added\": {}}]"}}, {"model": "admin.logentry", "pk": 25, "fields": {"action_time": "2021-11-20T05:29:49.768Z", "user": 1, "content_type": 8, "object_id": "100e567d-3e15-4470-bc32-8e5d6271581c", "object_repr": "user_10", "action_flag": 1, "change_message": "[{\"added\": {}}]"}}, {"model": "admin.logentry", "pk": 26, "fields": {"action_time": "2021-11-20T05:29:50.689Z", "user": 1, "content_type": 6, "object_id": "13", "object_repr": "user_11", "action_flag": 1, "change_message": "[{\"added\": {}}]"}}, {"model": "admin.logentry", "pk": 27, "fields": {"action_time": "2021-11-20T05:29:51.225Z", "user": 1, "content_type": 8, "object_id": "a02d5682-1839-493b-8ba7-56f1b81e6937", "object_repr": "user_11", "action_flag": 1, "change_message": "[{\"added\": {}}]"}}, {"model": "admin.logentry", "pk": 28, "fields": {"action_time": "2021-11-20T05:29:52.147Z", "user": 1, "content_type": 6, "object_id": "14", "object_repr": "user_12", "action_flag": 1, "change_message": "[{\"added\": {}}]"}}, {"model": "admin.logentry", "pk": 29, "fields": {"action_time": "2021-11-20T05:29:52.721Z", "user": 1, "content_type": 8, "object_id": "aa1af68f-68be-4f1a-af57-c6c4186f358d", "object_repr": "user_12", "action_flag": 1, "change_message": "[{\"added\": {}}]"}}, {"model": "admin.logentry", "pk": 30, "fields": {"action_time": "2021-11-20T05:29:53.616Z", "user": 1, "content_type": 6, "object_id": "15", "object_repr": "user_13", "action_flag": 1, "change_message": "[{\"added\": {}}]"}}, {"model": "admin.logentry", "pk": 31, "fields": {"action_time": "2021-11-20T05:29:54.207Z", "user": 1, "content_type": 8, "object_id": "42127642-6344-4894-9838-8d0cfa7131c6", "object_repr": "user_13", "action_flag": 1, "change_message": "[{\"added\": {}}]"}}, {"model": "admin.logentry", "pk": 32, "fields": {"action_time": "2021-11-20T05:29:55.089Z", "user": 1, "content_type": 6, "object_id": "16", "object_repr": "user_14", "action_flag": 1, "change_message": "[{\"added\": {}}]"}}, {"model": "admin.logentry", "pk": 33, "fields": {"action_time": "2021-11-20T05:29:55.619Z", "user": 1, "content_type": 8, "object_id": "b7f16dea-33f0-4df1-933d-ed2ddc9b9ede", "object_repr": "user_14", "action_flag": 1, "change_message": "[{\"added\": {}}]"}}, {"model": "admin.logentry", "pk": 34, "fields": {"action_time": "2021-11-20T05:29:58.439Z", "user": 1, "content_type": 6, "object_id": "17", "object_repr": "user_15", "action_flag": 1, "change_message": "[{\"added\": {}}]"}}, {"model": "admin.logentry", "pk": 35, "fields": {"action_time": "2021-11-20T05:29:59.109Z", "user": 1, "content_type": 8, "object_id": "9a22a9b8-a7a9-4f6b-88ca-c1cc374d39eb", "object_repr": "user_15", "action_flag": 1, "change_message": "[{\"added\": {}}]"}}, {"model": "admin.logentry", "pk": 36, "fields": {"action_time": "2021-11-20T05:30:00.035Z", "user": 1, "content_type": 6, "object_id": "18", "object_repr": "user_16", "action_flag": 1, "change_message": "[{\"added\": {}}]"}}, {"model": "admin.logentry", "pk": 37, "fields": {"action_time": "2021-11-20T05:30:00.638Z", "user": 1, "content_type": 8, "object_id": "5c10e250-b872-404b-bcc1-ed063d29f125", "object_repr": "user_16", "action_flag": 1, "change_message": "[{\"added\": {}}]"}}, {"model": "admin.logentry", "pk": 38, "fields": {"action_time": "2021-11-20T05:30:01.632Z", "user": 1, "content_type": 6, "object_id": "19", "object_repr": "user_17", "action_flag": 1, "change_message": "[{\"added\": {}}]"}}, {"model": "admin.logentry", "pk": 39, "fields": {"action_time": "2021-11-20T05:30:02.287Z", "user": 1, "content_type": 8, "object_id": "2a411dd1-64a8-4bd7-b4a3-2517b5467d7c", "object_repr": "user_17", "action_flag": 1, "change_message": "[{\"added\": {}}]"}}, {"model": "admin.logentry", "pk": 40, "fields": {"action_time": "2021-11-20T05:30:03.540Z", "user": 1, "content_type": 6, "object_id": "20", "object_repr": "user_18", "action_flag": 1, "change_message": "[{\"added\": {}}]"}}, {"model": "admin.logentry", "pk": 41, "fields": {"action_time": "2021-11-20T05:30:04.352Z", "user": 1, "content_type": 8, "object_id": "6bf0a73a-6d3a-480b-a63a-61d005c75c34", "object_repr": "user_18", "action_flag": 1, "change_message": "[{\"added\": {}}]"}}, {"model": "admin.logentry", "pk": 42, "fields": {"action_time": "2021-11-20T05:30:05.274Z", "user": 1, "content_type": 6, "object_id": "21", "object_repr": "user_19", "action_flag": 1, "change_message": "[{\"added\": {}}]"}}, {"model": "admin.logentry", "pk": 43, "fields": {"action_time": "2021-11-20T05:30:05.828Z", "user": 1, "content_type": 8, "object_id": "76086761-9b9f-4abd-8b11-34cfb3df3756", "object_repr": "user_19", "action_flag": 1, "change_message": "[{\"added\": {}}]"}}, {"model": "admin.logentry", "pk": 44, "fields": {"action_time": "2021-11-20T05:30:06.716Z", "user": 1, "content_type": 6, "object_id": "22", "object_repr": "user_20", "action_flag": 1, "change_message": "[{\"added\": {}}]"}}, {"model": "admin.logentry", "pk": 45, "fields": {"action_time": "2021-11-20T05:30:07.287Z", "user": 1, "content_type": 8, "object_id": "ba7d193e-6bd2-48f2-bcbe-4ed6186ca9b7", "object_repr": "user_20", "action_flag": 1, "change_message": "[{\"added\": {}}]"}}, {"model": "admin.logentry", "pk": 46, "fields": {"action_time": "2021-11-20T05:30:08.168Z", "user": 1, "content_type": 6, "object_id": "23", "object_repr": "user_21", "action_flag": 1, "change_message": "[{\"added\": {}}]"}}, {"model": "admin.logentry", "pk": 47, "fields": {"action_time": "2021-11-20T05:30:08.697Z", "user": 1, "content_type": 8, "object_id": "40851069-52f1-4b0a-ab0d-f804976fd11f", "object_repr": "user_21", "action_flag": 1, "change_message": "[{\"added\": {}}]"}}, {"model": "admin.logentry", "pk": 48, "fields": {"action_time": "2021-11-20T05:30:10.374Z", "user": 1, "content_type": 6, "object_id": "24", "object_repr": "user_22", "action_flag": 1, "change_message": "[{\"added\": {}}]"}}, {"model": "admin.logentry", "pk": 49, "fields": {"action_time": "2021-11-20T05:30:10.955Z", "user": 1, "content_type": 8, "object_id": "acafba19-a1de-4dfa-83cd-896ec7ffcab1", "object_repr": "user_22", "action_flag": 1, "change_message": "[{\"added\": {}}]"}}, {"model": "admin.logentry", "pk": 50, "fields": {"action_time": "2021-11-20T05:30:11.849Z", "user": 1, "content_type": 6, "object_id": "25", "object_repr": "user_23", "action_flag": 1, "change_message": "[{\"added\": {}}]"}}, {"model": "admin.logentry", "pk": 51, "fields": {"action_time": "2021-11-20T05:30:12.397Z", "user": 1, "content_type": 8, "object_id": "083c2133-0642-4128-995b-193208c054c2", "object_repr": "user_23", "action_flag": 1, "change_message": "[{\"added\": {}}]"}}, {"model": "admin.logentry", "pk": 52, "fields": {"action_time": "2021-11-20T05:30:13.357Z", "user": 1, "content_type": 6, "object_id": "26", "object_repr": "user_24", "action_flag": 1, "change_message": "[{\"added\": {}}]"}}, {"model": "admin.logentry", "pk": 53, "fields": {"action_time": "2021-11-20T05:30:13.889Z", "user": 1, "content_type": 8, "object_id": "e2d11f39-0597-459b-988d-a050205adff8", "object_repr": "user_24", "action_flag": 1, "change_message": "[{\"added\": {}}]"}}, {"model": "admin.logentry", "pk": 54, "fields": {"action_time": "2021-11-20T05:30:14.779Z", "user": 1, "content_type": 6, "object_id": "27", "object_repr": "user_25", "action_flag": 1, "change_message": "[{\"added\": {}}]"}}, {"model": "admin.logentry", "pk": 55, "fields": {"action_time": "2021-11-20T05:30:15.364Z", "user": 1, "content_type": 8, "object_id": "a093fdbd-2edf-48d1-be9c-75898bd85400", "object_repr": "user_25", "action_flag": 1, "change_message": "[{\"added\": {}}]"}}, {"model": "admin.logentry", "pk": 56, "fields": {"action_time": "2021-11-20T05:30:16.233Z", "user": 1, "content_type": 6, "object_id": "28", "object_repr": "user_26", "action_flag": 1, "change_message": "[{\"added\": {}}]"}}, {"model": "admin.logentry", "pk": 57, "fields": {"action_time": "2021-11-20T05:30:16.771Z", "user": 1, "content_type": 8, "object_id": "b22156b0-91d4-4e0f-a448-9e733b257873", "object_repr": "user_26", "action_flag": 1, "change_message": "[{\"added\": {}}]"}}, {"model": "admin.logentry", "pk": 58, "fields": {"action_time": "2021-11-20T05:30:17.685Z", "user": 1, "content_type": 6, "object_id": "29", "object_repr": "user_27", "action_flag": 1, "change_message": "[{\"added\": {}}]"}}, {"model": "admin.logentry", "pk": 59, "fields": {"action_time": "2021-11-20T05:30:18.231Z", "user": 1, "content_type": 8, "object_id": "24f4383f-6798-47ed-80b3-215e6e20101b", "object_repr": "user_27", "action_flag": 1, "change_message": "[{\"added\": {}}]"}}, {"model": "admin.logentry", "pk": 60, "fields": {"action_time": "2021-11-20T05:30:19.131Z", "user": 1, "content_type": 6, "object_id": "30", "object_repr": "user_28", "action_flag": 1, "change_message": "[{\"added\": {}}]"}}, {"model": "admin.logentry", "pk": 61, "fields": {"action_time": "2021-11-20T05:30:19.714Z", "user": 1, "content_type": 8, "object_id": "47d2fbe8-9646-427a-8c7f-69e66c078f9d", "object_repr": "user_28", "action_flag": 1, "change_message": "[{\"added\": {}}]"}}, {"model": "admin.logentry", "pk": 62, "fields": {"action_time": "2021-11-20T05:30:20.619Z", "user": 1, "content_type": 6, "object_id": "31", "object_repr": "user_29", "action_flag": 1, "change_message": "[{\"added\": {}}]"}}, {"model": "admin.logentry", "pk": 63, "fields": {"action_time": "2021-11-20T05:30:21.152Z", "user": 1, "content_type": 8, "object_id": "ecb273f1-ebb6-4fec-973b-ef089bf8fa4a", "object_repr": "user_29", "action_flag": 1, "change_message": "[{\"added\": {}}]"}}, {"model": "admin.logentry", "pk": 64, "fields": {"action_time": "2021-11-20T05:30:22.086Z", "user": 1, "content_type": 6, "object_id": "32", "object_repr": "user_30", "action_flag": 1, "change_message": "[{\"added\": {}}]"}}, {"model": "admin.logentry", "pk": 65, "fields": {"action_time": "2021-11-20T05:30:22.631Z", "user": 1, "content_type": 8, "object_id": "109b7afd-0d30-40ae-bafc-1fc5306c1d6c", "object_repr": "user_30", "action_flag": 1, "change_message": "[{\"added\": {}}]"}}, {"model": "admin.logentry", "pk": 66, "fields": {"action_time": "2021-11-20T05:30:24.385Z", "user": 1, "content_type": 6, "object_id": "33", "object_repr": "user_31", "action_flag": 1, "change_message": "[{\"added\": {}}]"}}, {"model": "admin.logentry", "pk": 67, "fields": {"action_time": "2021-11-20T05:30:24.921Z", "user": 1, "content_type": 8, "object_id": "6fad3c47-ee19-440a-9398-7882b16a1690", "object_repr": "user_31", "action_flag": 1, "change_message": "[{\"added\": {}}]"}}, {"model": "admin.logentry", "pk": 68, "fields": {"action_time": "2021-11-20T05:30:26.639Z", "user": 1, "content_type": 6, "object_id": "34", "object_repr": "user_32", "action_flag": 1, "change_message": "[{\"added\": {}}]"}}, {"model": "admin.logentry", "pk": 69, "fields": {"action_time": "2021-11-20T05:30:27.176Z", "user": 1, "content_type": 8, "object_id": "4fb9b320-d3c2-4a45-b035-8ed8b67bb2e9", "object_repr": "user_32", "action_flag": 1, "change_message": "[{\"added\": {}}]"}}, {"model": "admin.logentry", "pk": 70, "fields": {"action_time": "2021-11-20T05:30:28.103Z", "user": 1, "content_type": 6, "object_id": "35", "object_repr": "user_33", "action_flag": 1, "change_message": "[{\"added\": {}}]"}}, {"model": "admin.logentry", "pk": 71, "fields": {"action_time": "2021-11-20T05:30:28.667Z", "user": 1, "content_type": 8, "object_id": "6d29ad47-990b-4915-876c-3270afbbc16e", "object_repr": "user_33", "action_flag": 1, "change_message": "[{\"added\": {}}]"}}, {"model": "admin.logentry", "pk": 72, "fields": {"action_time": "2021-11-20T05:30:29.580Z", "user": 1, "content_type": 6, "object_id": "36", "object_repr": "user_34", "action_flag": 1, "change_message": "[{\"added\": {}}]"}}, {"model": "admin.logentry", "pk": 73, "fields": {"action_time": "2021-11-20T05:30:30.142Z", "user": 1, "content_type": 8, "object_id": "2afd9f1a-f649-4bc4-a85d-238d0b24ce40", "object_repr": "user_34", "action_flag": 1, "change_message": "[{\"added\": {}}]"}}, {"model": "admin.logentry", "pk": 74, "fields": {"action_time": "2021-11-20T05:30:31.178Z", "user": 1, "content_type": 6, "object_id": "37", "object_repr": "user_35", "action_flag": 1, "change_message": "[{\"added\": {}}]"}}, {"model": "admin.logentry", "pk": 75, "fields": {"action_time": "2021-11-20T05:30:31.717Z", "user": 1, "content_type": 8, "object_id": "e06fb769-e5ca-49dd-bb98-23f5b5906fce", "object_repr": "user_35", "action_flag": 1, "change_message": "[{\"added\": {}}]"}}, {"model": "admin.logentry", "pk": 76, "fields": {"action_time": "2021-11-20T05:30:33.419Z", "user": 1, "content_type": 6, "object_id": "38", "object_repr": "user_36", "action_flag": 1, "change_message": "[{\"added\": {}}]"}}, {"model": "admin.logentry", "pk": 77, "fields": {"action_time": "2021-11-20T05:30:33.994Z", "user": 1, "content_type": 8, "object_id": "2828c38a-ee7d-45df-b55e-6a31947ca93f", "object_repr": "user_36", "action_flag": 1, "change_message": "[{\"added\": {}}]"}}, {"model": "admin.logentry", "pk": 78, "fields": {"action_time": "2021-11-20T05:30:34.922Z", "user": 1, "content_type": 6, "object_id": "39", "object_repr": "user_37", "action_flag": 1, "change_message": "[{\"added\": {}}]"}}, {"model": "admin.logentry", "pk": 79, "fields": {"action_time": "2021-11-20T05:30:35.482Z", "user": 1, "content_type": 8, "object_id": "d44ea53d-8ff8-40ee-83a1-37da3d589889", "object_repr": "user_37", "action_flag": 1, "change_message": "[{\"added\": {}}]"}}, {"model": "admin.logentry", "pk": 80, "fields": {"action_time": "2021-11-20T05:30:36.364Z", "user": 1, "content_type": 6, "object_id": "40", "object_repr": "user_38", "action_flag": 1, "change_message": "[{\"added\": {}}]"}}, {"model": "admin.logentry", "pk": 81, "fields": {"action_time": "2021-11-20T05:30:36.898Z", "user": 1, "content_type": 8, "object_id": "bfdeb61d-f6de-4963-9220-0da5cd97feda", "object_repr": "user_38", "action_flag": 1, "change_message": "[{\"added\": {}}]"}}, {"model": "admin.logentry", "pk": 82, "fields": {"action_time": "2021-11-20T05:30:38.447Z", "user": 1, "content_type": 6, "object_id": "41", "object_repr": "user_39", "action_flag": 1, "change_message": "[{\"added\": {}}]"}}, {"model": "admin.logentry", "pk": 83, "fields": {"action_time": "2021-11-20T05:30:39.138Z", "user": 1, "content_type": 8, "object_id": "e5ea8a36-b6d4-42d2-a461-75d72755c5d2", "object_repr": "user_39", "action_flag": 1, "change_message": "[{\"added\": {}}]"}}, {"model": "admin.logentry", "pk": 84, "fields": {"action_time": "2021-11-20T05:30:40.034Z", "user": 1, "content_type": 6, "object_id": "42", "object_repr": "user_40", "action_flag": 1, "change_message": "[{\"added\": {}}]"}}, {"model": "admin.logentry", "pk": 85, "fields": {"action_time": "2021-11-20T05:30:40.611Z", "user": 1, "content_type": 8, "object_id": "44b8fa9b-6a13-4c3b-aa13-d0a981830332", "object_repr": "user_40", "action_flag": 1, "change_message": "[{\"added\": {}}]"}}, {"model": "admin.logentry", "pk": 86, "fields": {"action_time": "2021-11-20T05:30:41.528Z", "user": 1, "content_type": 6, "object_id": "43", "object_repr": "user_41", "action_flag": 1, "change_message": "[{\"added\": {}}]"}}, {"model": "admin.logentry", "pk": 87, "fields": {"action_time": "2021-11-20T05:30:42.076Z", "user": 1, "content_type": 8, "object_id": "eef3a4cd-b083-4e69-bca4-cca4ee9b1e52", "object_repr": "user_41", "action_flag": 1, "change_message": "[{\"added\": {}}]"}}, {"model": "admin.logentry", "pk": 88, "fields": {"action_time": "2021-11-20T05:30:43.055Z", "user": 1, "content_type": 6, "object_id": "44", "object_repr": "user_42", "action_flag": 1, "change_message": "[{\"added\": {}}]"}}, {"model": "admin.logentry", "pk": 89, "fields": {"action_time": "2021-11-20T05:30:43.588Z", "user": 1, "content_type": 8, "object_id": "30c740af-fe74-4113-91d3-d8c8ab628daa", "object_repr": "user_42", "action_flag": 1, "change_message": "[{\"added\": {}}]"}}, {"model": "admin.logentry", "pk": 90, "fields": {"action_time": "2021-11-20T05:30:44.512Z", "user": 1, "content_type": 6, "object_id": "45", "object_repr": "user_43", "action_flag": 1, "change_message": "[{\"added\": {}}]"}}, {"model": "admin.logentry", "pk": 91, "fields": {"action_time": "2021-11-20T05:30:45.093Z", "user": 1, "content_type": 8, "object_id": "0e0abfca-3050-4fb7-a394-bce7823cb86b", "object_repr": "user_43", "action_flag": 1, "change_message": "[{\"added\": {}}]"}}, {"model": "admin.logentry", "pk": 92, "fields": {"action_time": "2021-11-20T05:30:46.075Z", "user": 1, "content_type": 6, "object_id": "46", "object_repr": "user_44", "action_flag": 1, "change_message": "[{\"added\": {}}]"}}, {"model": "admin.logentry", "pk": 93, "fields": {"action_time": "2021-11-20T05:30:46.632Z", "user": 1, "content_type": 8, "object_id": "2a35af01-7127-4229-a9b8-76d75551ac63", "object_repr": "user_44", "action_flag": 1, "change_message": "[{\"added\": {}}]"}}, {"model": "admin.logentry", "pk": 94, "fields": {"action_time": "2021-11-20T05:30:47.602Z", "user": 1, "content_type": 6, "object_id": "47", "object_repr": "user_45", "action_flag": 1, "change_message": "[{\"added\": {}}]"}}, {"model": "admin.logentry", "pk": 95, "fields": {"action_time": "2021-11-20T05:30:48.131Z", "user": 1, "content_type": 8, "object_id": "ff468ffe-6be8-445b-8233-a9d2b7753a59", "object_repr": "user_45", "action_flag": 1, "change_message": "[{\"added\": {}}]"}}, {"model": "admin.logentry", "pk": 96, "fields": {"action_time": "2021-11-20T05:30:49.081Z", "user": 1, "content_type": 6, "object_id": "48", "object_repr": "user_46", "action_flag": 1, "change_message": "[{\"added\": {}}]"}}, {"model": "admin.logentry", "pk": 97, "fields": {"action_time": "2021-11-20T05:30:49.673Z", "user": 1, "content_type": 8, "object_id": "99ffd698-beaf-431b-926a-fe10fa75bebe", "object_repr": "user_46", "action_flag": 1, "change_message": "[{\"added\": {}}]"}}, {"model": "admin.logentry", "pk": 98, "fields": {"action_time": "2021-11-20T05:30:50.592Z", "user": 1, "content_type": 6, "object_id": "49", "object_repr": "user_47", "action_flag": 1, "change_message": "[{\"added\": {}}]"}}, {"model": "admin.logentry", "pk": 99, "fields": {"action_time": "2021-11-20T05:30:51.158Z", "user": 1, "content_type": 8, "object_id": "cae938f6-575c-4f35-a3df-c0a14594bdff", "object_repr": "user_47", "action_flag": 1, "change_message": "[{\"added\": {}}]"}}, {"model": "admin.logentry", "pk": 100, "fields": {"action_time": "2021-11-20T05:30:52.961Z", "user": 1, "content_type": 6, "object_id": "50", "object_repr": "user_48", "action_flag": 1, "change_message": "[{\"added\": {}}]"}}, {"model": "admin.logentry", "pk": 101, "fields": {"action_time": "2021-11-20T05:30:53.548Z", "user": 1, "content_type": 8, "object_id": "5cd39565-e6e0-488a-9417-4feddea1470b", "object_repr": "user_48", "action_flag": 1, "change_message": "[{\"added\": {}}]"}}, {"model": "admin.logentry", "pk": 102, "fields": {"action_time": "2021-11-20T05:30:54.462Z", "user": 1, "content_type": 6, "object_id": "51", "object_repr": "user_49", "action_flag": 1, "change_message": "[{\"added\": {}}]"}}, {"model": "admin.logentry", "pk": 103, "fields": {"action_time": "2021-11-20T05:30:55.008Z", "user": 1, "content_type": 8, "object_id": "1bf3b378-a0c8-4eb7-8f20-bdb772d3d3e7", "object_repr": "user_49", "action_flag": 1, "change_message": "[{\"added\": {}}]"}}, {"model": "admin.logentry", "pk": 104, "fields": {"action_time": "2021-11-20T05:30:55.930Z", "user": 1, "content_type": 6, "object_id": "52", "object_repr": "user_50", "action_flag": 1, "change_message": "[{\"added\": {}}]"}}, {"model": "admin.logentry", "pk": 105, "fields": {"action_time": "2021-11-20T05:30:56.455Z", "user": 1, "content_type": 8, "object_id": "3fa95c46-ac89-4576-9ef8-ef260bc3de3d", "object_repr": "user_50", "action_flag": 1, "change_message": "[{\"added\": {}}]"}}, {"model": "admin.logentry", "pk": 106, "fields": {"action_time": "2021-11-20T05:30:57.371Z", "user": 1, "content_type": 6, "object_id": "53", "object_repr": "user_51", "action_flag": 1, "change_message": "[{\"added\": {}}]"}}, {"model": "admin.logentry", "pk": 107, "fields": {"action_time": "2021-11-20T05:30:57.933Z", "user": 1, "content_type": 8, "object_id": "6c7c67cc-e7ea-4177-a787-fc0d577c3c76", "object_repr": "user_51", "action_flag": 1, "change_message": "[{\"added\": {}}]"}}, {"model": "admin.logentry", "pk": 108, "fields": {"action_time": "2021-11-20T05:30:58.830Z", "user": 1, "content_type": 6, "object_id": "54", "object_repr": "user_52", "action_flag": 1, "change_message": "[{\"added\": {}}]"}}, {"model": "admin.logentry", "pk": 109, "fields": {"action_time": "2021-11-20T05:30:59.365Z", "user": 1, "content_type": 8, "object_id": "4a2ea307-3f34-422e-9a70-fd198f963ae3", "object_repr": "user_52", "action_flag": 1, "change_message": "[{\"added\": {}}]"}}, {"model": "admin.logentry", "pk": 110, "fields": {"action_time": "2021-11-20T05:31:00.295Z", "user": 1, "content_type": 6, "object_id": "55", "object_repr": "user_53", "action_flag": 1, "change_message": "[{\"added\": {}}]"}}, {"model": "admin.logentry", "pk": 111, "fields": {"action_time": "2021-11-20T05:31:00.830Z", "user": 1, "content_type": 8, "object_id": "53180f9b-455a-4059-b15a-581da17624a4", "object_repr": "user_53", "action_flag": 1, "change_message": "[{\"added\": {}}]"}}, {"model": "admin.logentry", "pk": 112, "fields": {"action_time": "2021-11-20T05:31:01.740Z", "user": 1, "content_type": 6, "object_id": "56", "object_repr": "user_54", "action_flag": 1, "change_message": "[{\"added\": {}}]"}}, {"model": "admin.logentry", "pk": 113, "fields": {"action_time": "2021-11-20T05:31:02.311Z", "user": 1, "content_type": 8, "object_id": "d0b9ffe2-90b7-4a64-a908-fb82ddfc6a12", "object_repr": "user_54", "action_flag": 1, "change_message": "[{\"added\": {}}]"}}, {"model": "admin.logentry", "pk": 114, "fields": {"action_time": "2021-11-20T05:31:03.239Z", "user": 1, "content_type": 6, "object_id": "57", "object_repr": "user_55", "action_flag": 1, "change_message": "[{\"added\": {}}]"}}, {"model": "admin.logentry", "pk": 115, "fields": {"action_time": "2021-11-20T05:31:03.787Z", "user": 1, "content_type": 8, "object_id": "6568b664-a8b3-4eb8-8517-d57c354c5cf8", "object_repr": "user_55", "action_flag": 1, "change_message": "[{\"added\": {}}]"}}, {"model": "admin.logentry", "pk": 116, "fields": {"action_time": "2021-11-20T05:31:04.735Z", "user": 1, "content_type": 6, "object_id": "58", "object_repr": "user_56", "action_flag": 1, "change_message": "[{\"added\": {}}]"}}, {"model": "admin.logentry", "pk": 117, "fields": {"action_time": "2021-11-20T05:31:05.267Z", "user": 1, "content_type": 8, "object_id": "42d70857-2d53-4000-b823-06c59ab57e6d", "object_repr": "user_56", "action_flag": 1, "change_message": "[{\"added\": {}}]"}}, {"model": "admin.logentry", "pk": 118, "fields": {"action_time": "2021-11-20T05:31:06.276Z", "user": 1, "content_type": 6, "object_id": "59", "object_repr": "user_57", "action_flag": 1, "change_message": "[{\"added\": {}}]"}}, {"model": "admin.logentry", "pk": 119, "fields": {"action_time": "2021-11-20T05:31:06.849Z", "user": 1, "content_type": 8, "object_id": "282ba467-ff36-40a6-bab4-9c3d2a1c390e", "object_repr": "user_57", "action_flag": 1, "change_message": "[{\"added\": {}}]"}}, {"model": "admin.logentry", "pk": 120, "fields": {"action_time": "2021-11-20T05:31:07.805Z", "user": 1, "content_type": 6, "object_id": "60", "object_repr": "user_58", "action_flag": 1, "change_message": "[{\"added\": {}}]"}}, {"model": "admin.logentry", "pk": 121, "fields": {"action_time": "2021-11-20T05:31:08.339Z", "user": 1, "content_type": 8, "object_id": "ff33bfd7-3d75-4309-bef1-2e737a03f22a", "object_repr": "user_58", "action_flag": 1, "change_message": "[{\"added\": {}}]"}}, {"model": "admin.logentry", "pk": 122, "fields": {"action_time": "2021-11-20T05:31:09.348Z", "user": 1, "content_type": 6, "object_id": "61", "object_repr": "user_59", "action_flag": 1, "change_message": "[{\"added\": {}}]"}}, {"model": "admin.logentry", "pk": 123, "fields": {"action_time": "2021-11-20T05:31:09.893Z", "user": 1, "content_type": 8, "object_id": "38a625c6-8629-488c-bfe2-e2b8f7324b7f", "object_repr": "user_59", "action_flag": 1, "change_message": "[{\"added\": {}}]"}}, {"model": "admin.logentry", "pk": 124, "fields": {"action_time": "2021-11-20T05:31:10.815Z", "user": 1, "content_type": 6, "object_id": "62", "object_repr": "user_60", "action_flag": 1, "change_message": "[{\"added\": {}}]"}}, {"model": "admin.logentry", "pk": 125, "fields": {"action_time": "2021-11-20T05:31:11.388Z", "user": 1, "content_type": 8, "object_id": "88359998-38a3-4a87-81d0-a6a95fef750f", "object_repr": "user_60", "action_flag": 1, "change_message": "[{\"added\": {}}]"}}, {"model": "admin.logentry", "pk": 126, "fields": {"action_time": "2021-11-20T05:31:12.322Z", "user": 1, "content_type": 6, "object_id": "63", "object_repr": "user_61", "action_flag": 1, "change_message": "[{\"added\": {}}]"}}, {"model": "admin.logentry", "pk": 127, "fields": {"action_time": "2021-11-20T05:31:12.863Z", "user": 1, "content_type": 8, "object_id": "45535dfe-65ad-48c4-84e0-83306fa440ff", "object_repr": "user_61", "action_flag": 1, "change_message": "[{\"added\": {}}]"}}, {"model": "admin.logentry", "pk": 128, "fields": {"action_time": "2021-11-20T05:31:13.815Z", "user": 1, "content_type": 6, "object_id": "64", "object_repr": "user_62", "action_flag": 1, "change_message": "[{\"added\": {}}]"}}, {"model": "admin.logentry", "pk": 129, "fields": {"action_time": "2021-11-20T05:31:14.347Z", "user": 1, "content_type": 8, "object_id": "cde4f855-6889-4ec3-917e-54519f524041", "object_repr": "user_62", "action_flag": 1, "change_message": "[{\"added\": {}}]"}}, {"model": "admin.logentry", "pk": 130, "fields": {"action_time": "2021-11-20T05:31:15.302Z", "user": 1, "content_type": 6, "object_id": "65", "object_repr": "user_63", "action_flag": 1, "change_message": "[{\"added\": {}}]"}}, {"model": "admin.logentry", "pk": 131, "fields": {"action_time": "2021-11-20T05:31:15.865Z", "user": 1, "content_type": 8, "object_id": "240060c6-3d22-4344-baa1-b64f0b6ce1f7", "object_repr": "user_63", "action_flag": 1, "change_message": "[{\"added\": {}}]"}}, {"model": "admin.logentry", "pk": 132, "fields": {"action_time": "2021-11-20T05:31:16.794Z", "user": 1, "content_type": 6, "object_id": "66", "object_repr": "user_64", "action_flag": 1, "change_message": "[{\"added\": {}}]"}}, {"model": "admin.logentry", "pk": 133, "fields": {"action_time": "2021-11-20T05:31:17.351Z", "user": 1, "content_type": 8, "object_id": "d308d1ba-df7c-42bf-9c90-3212cd43a88d", "object_repr": "user_64", "action_flag": 1, "change_message": "[{\"added\": {}}]"}}, {"model": "admin.logentry", "pk": 134, "fields": {"action_time": "2021-11-20T05:31:18.304Z", "user": 1, "content_type": 6, "object_id": "67", "object_repr": "user_65", "action_flag": 1, "change_message": "[{\"added\": {}}]"}}, {"model": "admin.logentry", "pk": 135, "fields": {"action_time": "2021-11-20T05:31:18.840Z", "user": 1, "content_type": 8, "object_id": "17b71fe2-c5b3-4037-a861-4ed792806605", "object_repr": "user_65", "action_flag": 1, "change_message": "[{\"added\": {}}]"}}, {"model": "admin.logentry", "pk": 136, "fields": {"action_time": "2021-11-20T05:31:19.780Z", "user": 1, "content_type": 6, "object_id": "68", "object_repr": "user_66", "action_flag": 1, "change_message": "[{\"added\": {}}]"}}, {"model": "admin.logentry", "pk": 137, "fields": {"action_time": "2021-11-20T05:31:20.396Z", "user": 1, "content_type": 8, "object_id": "aa46485f-28c9-446d-8227-82c3ed546a58", "object_repr": "user_66", "action_flag": 1, "change_message": "[{\"added\": {}}]"}}, {"model": "admin.logentry", "pk": 138, "fields": {"action_time": "2021-11-20T05:31:21.340Z", "user": 1, "content_type": 6, "object_id": "69", "object_repr": "user_67", "action_flag": 1, "change_message": "[{\"added\": {}}]"}}, {"model": "admin.logentry", "pk": 139, "fields": {"action_time": "2021-11-20T05:31:21.882Z", "user": 1, "content_type": 8, "object_id": "a3528cc9-75e3-404f-aabd-def35b92becb", "object_repr": "user_67", "action_flag": 1, "change_message": "[{\"added\": {}}]"}}, {"model": "admin.logentry", "pk": 140, "fields": {"action_time": "2021-11-20T05:31:22.844Z", "user": 1, "content_type": 6, "object_id": "70", "object_repr": "user_68", "action_flag": 1, "change_message": "[{\"added\": {}}]"}}, {"model": "admin.logentry", "pk": 141, "fields": {"action_time": "2021-11-20T05:31:23.388Z", "user": 1, "content_type": 8, "object_id": "eca5be68-d729-4b58-943c-630d4ca53b11", "object_repr": "user_68", "action_flag": 1, "change_message": "[{\"added\": {}}]"}}, {"model": "admin.logentry", "pk": 142, "fields": {"action_time": "2021-11-20T05:31:24.346Z", "user": 1, "content_type": 6, "object_id": "71", "object_repr": "user_69", "action_flag": 1, "change_message": "[{\"added\": {}}]"}}, {"model": "admin.logentry", "pk": 143, "fields": {"action_time": "2021-11-20T05:31:24.926Z", "user": 1, "content_type": 8, "object_id": "33dc3ffc-65d7-4801-aeef-c8619e55df2a", "object_repr": "user_69", "action_flag": 1, "change_message": "[{\"added\": {}}]"}}, {"model": "admin.logentry", "pk": 144, "fields": {"action_time": "2021-11-20T05:31:25.855Z", "user": 1, "content_type": 6, "object_id": "72", "object_repr": "user_70", "action_flag": 1, "change_message": "[{\"added\": {}}]"}}, {"model": "admin.logentry", "pk": 145, "fields": {"action_time": "2021-11-20T05:31:26.400Z", "user": 1, "content_type": 8, "object_id": "e2f5a89a-8500-4227-bea8-821e7b9b036f", "object_repr": "user_70", "action_flag": 1, "change_message": "[{\"added\": {}}]"}}, {"model": "admin.logentry", "pk": 146, "fields": {"action_time": "2021-11-20T05:31:27.389Z", "user": 1, "content_type": 6, "object_id": "73", "object_repr": "user_71", "action_flag": 1, "change_message": "[{\"added\": {}}]"}}, {"model": "admin.logentry", "pk": 147, "fields": {"action_time": "2021-11-20T05:31:27.927Z", "user": 1, "content_type": 8, "object_id": "1a28a126-4140-40ef-bae9-ca9ecadb266b", "object_repr": "user_71", "action_flag": 1, "change_message": "[{\"added\": {}}]"}}, {"model": "admin.logentry", "pk": 148, "fields": {"action_time": "2021-11-20T05:31:28.871Z", "user": 1, "content_type": 6, "object_id": "74", "object_repr": "user_72", "action_flag": 1, "change_message": "[{\"added\": {}}]"}}, {"model": "admin.logentry", "pk": 149, "fields": {"action_time": "2021-11-20T05:31:29.450Z", "user": 1, "content_type": 8, "object_id": "850a169a-48b3-4001-a8dc-aacf1d1eab23", "object_repr": "user_72", "action_flag": 1, "change_message": "[{\"added\": {}}]"}}, {"model": "admin.logentry", "pk": 150, "fields": {"action_time": "2021-11-20T05:31:31.162Z", "user": 1, "content_type": 6, "object_id": "75", "object_repr": "user_73", "action_flag": 1, "change_message": "[{\"added\": {}}]"}}, {"model": "admin.logentry", "pk": 151, "fields": {"action_time": "2021-11-20T05:31:31.739Z", "user": 1, "content_type": 8, "object_id": "00f1d431-aed6-43d0-ae30-a7f1dee64974", "object_repr": "user_73", "action_flag": 1, "change_message": "[{\"added\": {}}]"}}, {"model": "admin.logentry", "pk": 152, "fields": {"action_time": "2021-11-20T05:31:33.470Z", "user": 1, "content_type": 6, "object_id": "76", "object_repr": "user_74", "action_flag": 1, "change_message": "[{\"added\": {}}]"}}, {"model": "admin.logentry", "pk": 153, "fields": {"action_time": "2021-11-20T05:31:34.061Z", "user": 1, "content_type": 8, "object_id": "27dc52fe-2261-40f9-987c-14e5e683c146", "object_repr": "user_74", "action_flag": 1, "change_message": "[{\"added\": {}}]"}}, {"model": "admin.logentry", "pk": 154, "fields": {"action_time": "2021-11-20T05:31:35.106Z", "user": 1, "content_type": 6, "object_id": "77", "object_repr": "user_75", "action_flag": 1, "change_message": "[{\"added\": {}}]"}}, {"model": "admin.logentry", "pk": 155, "fields": {"action_time": "2021-11-20T05:31:35.665Z", "user": 1, "content_type": 8, "object_id": "44293548-edfd-4a1f-8a68-c4fc56faaaeb", "object_repr": "user_75", "action_flag": 1, "change_message": "[{\"added\": {}}]"}}, {"model": "admin.logentry", "pk": 156, "fields": {"action_time": "2021-11-20T05:31:36.692Z", "user": 1, "content_type": 6, "object_id": "78", "object_repr": "user_76", "action_flag": 1, "change_message": "[{\"added\": {}}]"}}, {"model": "admin.logentry", "pk": 157, "fields": {"action_time": "2021-11-20T05:31:37.240Z", "user": 1, "content_type": 8, "object_id": "f35c8d08-8182-4f40-8dfa-a2089e032567", "object_repr": "user_76", "action_flag": 1, "change_message": "[{\"added\": {}}]"}}, {"model": "admin.logentry", "pk": 158, "fields": {"action_time": "2021-11-20T05:31:38.216Z", "user": 1, "content_type": 6, "object_id": "79", "object_repr": "user_77", "action_flag": 1, "change_message": "[{\"added\": {}}]"}}, {"model": "admin.logentry", "pk": 159, "fields": {"action_time": "2021-11-20T05:31:38.799Z", "user": 1, "content_type": 8, "object_id": "368bc009-018d-4b1e-9db2-e984e161167d", "object_repr": "user_77", "action_flag": 1, "change_message": "[{\"added\": {}}]"}}, {"model": "admin.logentry", "pk": 160, "fields": {"action_time": "2021-11-20T05:31:39.794Z", "user": 1, "content_type": 6, "object_id": "80", "object_repr": "user_78", "action_flag": 1, "change_message": "[{\"added\": {}}]"}}, {"model": "admin.logentry", "pk": 161, "fields": {"action_time": "2021-11-20T05:31:40.337Z", "user": 1, "content_type": 8, "object_id": "aad03d09-651d-49f0-85b0-0909dcd6be87", "object_repr": "user_78", "action_flag": 1, "change_message": "[{\"added\": {}}]"}}, {"model": "admin.logentry", "pk": 162, "fields": {"action_time": "2021-11-20T05:31:41.356Z", "user": 1, "content_type": 6, "object_id": "81", "object_repr": "user_79", "action_flag": 1, "change_message": "[{\"added\": {}}]"}}, {"model": "admin.logentry", "pk": 163, "fields": {"action_time": "2021-11-20T05:31:41.908Z", "user": 1, "content_type": 8, "object_id": "46b7d66e-a37f-482f-8e31-df3a8929b1fa", "object_repr": "user_79", "action_flag": 1, "change_message": "[{\"added\": {}}]"}}, {"model": "admin.logentry", "pk": 164, "fields": {"action_time": "2021-11-20T05:31:43.007Z", "user": 1, "content_type": 6, "object_id": "82", "object_repr": "user_80", "action_flag": 1, "change_message": "[{\"added\": {}}]"}}, {"model": "admin.logentry", "pk": 165, "fields": {"action_time": "2021-11-20T05:31:43.595Z", "user": 1, "content_type": 8, "object_id": "dde3ab46-27a1-471c-96ae-e9731480aa16", "object_repr": "user_80", "action_flag": 1, "change_message": "[{\"added\": {}}]"}}, {"model": "admin.logentry", "pk": 166, "fields": {"action_time": "2021-11-20T05:31:45.360Z", "user": 1, "content_type": 6, "object_id": "83", "object_repr": "user_81", "action_flag": 1, "change_message": "[{\"added\": {}}]"}}, {"model": "admin.logentry", "pk": 167, "fields": {"action_time": "2021-11-20T05:31:45.980Z", "user": 1, "content_type": 8, "object_id": "3166600c-0b96-4d1c-bc4b-f741105187b4", "object_repr": "user_81", "action_flag": 1, "change_message": "[{\"added\": {}}]"}}, {"model": "admin.logentry", "pk": 168, "fields": {"action_time": "2021-11-20T05:31:46.961Z", "user": 1, "content_type": 6, "object_id": "84", "object_repr": "user_82", "action_flag": 1, "change_message": "[{\"added\": {}}]"}}, {"model": "admin.logentry", "pk": 169, "fields": {"action_time": "2021-11-20T05:31:47.499Z", "user": 1, "content_type": 8, "object_id": "502384a8-625a-42d3-b986-9e353fb5c0a6", "object_repr": "user_82", "action_flag": 1, "change_message": "[{\"added\": {}}]"}}, {"model": "admin.logentry", "pk": 170, "fields": {"action_time": "2021-11-20T05:31:48.537Z", "user": 1, "content_type": 6, "object_id": "85", "object_repr": "user_83", "action_flag": 1, "change_message": "[{\"added\": {}}]"}}, {"model": "admin.logentry", "pk": 171, "fields": {"action_time": "2021-11-20T05:31:49.126Z", "user": 1, "content_type": 8, "object_id": "51609362-9133-473f-a4dd-3d18f2c49e7d", "object_repr": "user_83", "action_flag": 1, "change_message": "[{\"added\": {}}]"}}, {"model": "admin.logentry", "pk": 172, "fields": {"action_time": "2021-11-20T05:31:50.119Z", "user": 1, "content_type": 6, "object_id": "86", "object_repr": "user_84", "action_flag": 1, "change_message": "[{\"added\": {}}]"}}, {"model": "admin.logentry", "pk": 173, "fields": {"action_time": "2021-11-20T05:31:50.703Z", "user": 1, "content_type": 8, "object_id": "d7f51a05-9c03-4c01-a88e-2c7ebb22467d", "object_repr": "user_84", "action_flag": 1, "change_message": "[{\"added\": {}}]"}}, {"model": "admin.logentry", "pk": 174, "fields": {"action_time": "2021-11-20T05:31:51.702Z", "user": 1, "content_type": 6, "object_id": "87", "object_repr": "user_85", "action_flag": 1, "change_message": "[{\"added\": {}}]"}}, {"model": "admin.logentry", "pk": 175, "fields": {"action_time": "2021-11-20T05:31:52.245Z", "user": 1, "content_type": 8, "object_id": "dc9272d6-0363-4028-bdfc-ab016b2ed803", "object_repr": "user_85", "action_flag": 1, "change_message": "[{\"added\": {}}]"}}, {"model": "admin.logentry", "pk": 176, "fields": {"action_time": "2021-11-20T05:31:53.272Z", "user": 1, "content_type": 6, "object_id": "88", "object_repr": "user_86", "action_flag": 1, "change_message": "[{\"added\": {}}]"}}, {"model": "admin.logentry", "pk": 177, "fields": {"action_time": "2021-11-20T05:31:53.813Z", "user": 1, "content_type": 8, "object_id": "18e793c3-0963-4d4a-9402-9ffa847d479e", "object_repr": "user_86", "action_flag": 1, "change_message": "[{\"added\": {}}]"}}, {"model": "admin.logentry", "pk": 178, "fields": {"action_time": "2021-11-20T05:31:54.846Z", "user": 1, "content_type": 6, "object_id": "89", "object_repr": "user_87", "action_flag": 1, "change_message": "[{\"added\": {}}]"}}, {"model": "admin.logentry", "pk": 179, "fields": {"action_time": "2021-11-20T05:31:55.455Z", "user": 1, "content_type": 8, "object_id": "cd14e350-2ddf-4323-9e0d-f68dbc702cab", "object_repr": "user_87", "action_flag": 1, "change_message": "[{\"added\": {}}]"}}, {"model": "admin.logentry", "pk": 180, "fields": {"action_time": "2021-11-20T05:31:56.416Z", "user": 1, "content_type": 6, "object_id": "90", "object_repr": "user_88", "action_flag": 1, "change_message": "[{\"added\": {}}]"}}, {"model": "admin.logentry", "pk": 181, "fields": {"action_time": "2021-11-20T05:31:56.969Z", "user": 1, "content_type": 8, "object_id": "a117bdd7-1517-4d34-bbdd-f1776c6f887c", "object_repr": "user_88", "action_flag": 1, "change_message": "[{\"added\": {}}]"}}, {"model": "admin.logentry", "pk": 182, "fields": {"action_time": "2021-11-20T05:31:57.986Z", "user": 1, "content_type": 6, "object_id": "91", "object_repr": "user_89", "action_flag": 1, "change_message": "[{\"added\": {}}]"}}, {"model": "admin.logentry", "pk": 183, "fields": {"action_time": "2021-11-20T05:31:58.525Z", "user": 1, "content_type": 8, "object_id": "d62c9bc8-df2b-4f34-832f-c32689ce0caa", "object_repr": "user_89", "action_flag": 1, "change_message": "[{\"added\": {}}]"}}, {"model": "admin.logentry", "pk": 184, "fields": {"action_time": "2021-11-20T05:31:59.494Z", "user": 1, "content_type": 6, "object_id": "92", "object_repr": "user_90", "action_flag": 1, "change_message": "[{\"added\": {}}]"}}, {"model": "admin.logentry", "pk": 185, "fields": {"action_time": "2021-11-20T05:32:00.071Z", "user": 1, "content_type": 8, "object_id": "65c0827a-5e38-494d-a621-9a1b41ad65b4", "object_repr": "user_90", "action_flag": 1, "change_message": "[{\"added\": {}}]"}}, {"model": "admin.logentry", "pk": 186, "fields": {"action_time": "2021-11-20T05:32:01.021Z", "user": 1, "content_type": 6, "object_id": "93", "object_repr": "user_91", "action_flag": 1, "change_message": "[{\"added\": {}}]"}}, {"model": "admin.logentry", "pk": 187, "fields": {"action_time": "2021-11-20T05:32:01.567Z", "user": 1, "content_type": 8, "object_id": "33862c38-76d5-4262-b788-0d3eb91141b0", "object_repr": "user_91", "action_flag": 1, "change_message": "[{\"added\": {}}]"}}, {"model": "admin.logentry", "pk": 188, "fields": {"action_time": "2021-11-20T05:32:02.599Z", "user": 1, "content_type": 6, "object_id": "94", "object_repr": "user_92", "action_flag": 1, "change_message": "[{\"added\": {}}]"}}, {"model": "admin.logentry", "pk": 189, "fields": {"action_time": "2021-11-20T05:32:03.168Z", "user": 1, "content_type": 8, "object_id": "edbd186c-6b49-4a58-a0d2-73c6dc282146", "object_repr": "user_92", "action_flag": 1, "change_message": "[{\"added\": {}}]"}}, {"model": "admin.logentry", "pk": 190, "fields": {"action_time": "2021-11-20T05:32:04.213Z", "user": 1, "content_type": 6, "object_id": "95", "object_repr": "user_93", "action_flag": 1, "change_message": "[{\"added\": {}}]"}}, {"model": "admin.logentry", "pk": 191, "fields": {"action_time": "2021-11-20T05:32:04.821Z", "user": 1, "content_type": 8, "object_id": "d2cee6f1-54d9-4db9-930b-f084921a32e0", "object_repr": "user_93", "action_flag": 1, "change_message": "[{\"added\": {}}]"}}, {"model": "admin.logentry", "pk": 192, "fields": {"action_time": "2021-11-20T05:32:05.835Z", "user": 1, "content_type": 6, "object_id": "96", "object_repr": "user_94", "action_flag": 1, "change_message": "[{\"added\": {}}]"}}, {"model": "admin.logentry", "pk": 193, "fields": {"action_time": "2021-11-20T05:32:06.392Z", "user": 1, "content_type": 8, "object_id": "56b654d3-da5b-4522-a475-5f88fdc6d4e8", "object_repr": "user_94", "action_flag": 1, "change_message": "[{\"added\": {}}]"}}, {"model": "admin.logentry", "pk": 194, "fields": {"action_time": "2021-11-20T05:32:07.455Z", "user": 1, "content_type": 6, "object_id": "97", "object_repr": "user_95", "action_flag": 1, "change_message": "[{\"added\": {}}]"}}, {"model": "admin.logentry", "pk": 195, "fields": {"action_time": "2021-11-20T05:32:08.002Z", "user": 1, "content_type": 8, "object_id": "37d877ce-329f-43d2-8080-6ff51ae23226", "object_repr": "user_95", "action_flag": 1, "change_message": "[{\"added\": {}}]"}}, {"model": "admin.logentry", "pk": 196, "fields": {"action_time": "2021-11-20T05:32:09.026Z", "user": 1, "content_type": 6, "object_id": "98", "object_repr": "user_96", "action_flag": 1, "change_message": "[{\"added\": {}}]"}}, {"model": "admin.logentry", "pk": 197, "fields": {"action_time": "2021-11-20T05:32:09.638Z", "user": 1, "content_type": 8, "object_id": "0a2dceb3-90e9-4d3e-8fcc-c5cb47c7061e", "object_repr": "user_96", "action_flag": 1, "change_message": "[{\"added\": {}}]"}}, {"model": "admin.logentry", "pk": 198, "fields": {"action_time": "2021-11-20T05:32:10.633Z", "user": 1, "content_type": 6, "object_id": "99", "object_repr": "user_97", "action_flag": 1, "change_message": "[{\"added\": {}}]"}}, {"model": "admin.logentry", "pk": 199, "fields": {"action_time": "2021-11-20T05:32:11.204Z", "user": 1, "content_type": 8, "object_id": "6225f276-a051-4a6f-b632-7e10344dca82", "object_repr": "user_97", "action_flag": 1, "change_message": "[{\"added\": {}}]"}}, {"model": "admin.logentry", "pk": 200, "fields": {"action_time": "2021-11-20T05:32:12.349Z", "user": 1, "content_type": 6, "object_id": "100", "object_repr": "user_98", "action_flag": 1, "change_message": "[{\"added\": {}}]"}}, {"model": "admin.logentry", "pk": 201, "fields": {"action_time": "2021-11-20T05:32:12.895Z", "user": 1, "content_type": 8, "object_id": "38733faa-da6a-4f1c-b6a1-fd2917e51b71", "object_repr": "user_98", "action_flag": 1, "change_message": "[{\"added\": {}}]"}}, {"model": "admin.logentry", "pk": 202, "fields": {"action_time": "2021-11-20T05:32:14.671Z", "user": 1, "content_type": 6, "object_id": "101", "object_repr": "user_99", "action_flag": 1, "change_message": "[{\"added\": {}}]"}}, {"model": "admin.logentry", "pk": 203, "fields": {"action_time": "2021-11-20T05:32:15.261Z", "user": 1, "content_type": 8, "object_id": "bfc7dfad-5b58-4d72-bf66-31103bca34aa", "object_repr": "user_99", "action_flag": 1, "change_message": "[{\"added\": {}}]"}}, {"model": "auth.permission", "pk": 1, "fields": {"name": "Can add log entry", "content_type": 1, "codename": "add_logentry"}}, {"model": "auth.permission", "pk": 2, "fields": {"name": "Can change log entry", "content_type": 1, "codename": "change_logentry"}}, {"model": "auth.permission", "pk": 3, "fields": {"name": "Can delete log entry", "content_type": 1, "codename": "delete_logentry"}}, {"model": "auth.permission", "pk": 4, "fields": {"name": "Can view log entry", "content_type": 1, "codename": "view_logentry"}}, {"model": "auth.permission", "pk": 5, "fields": {"name": "Can add permission", "content_type": 2, "codename": "add_permission"}}, {"model": "auth.permission", "pk": 6, "fields": {"name": "Can change permission", "content_type": 2, "codename": "change_permission"}}, {"model": "auth.permission", "pk": 7, "fields": {"name": "Can delete permission", "content_type": 2, "codename": "delete_permission"}}, {"model": "auth.permission", "pk": 8, "fields": {"name": "Can view permission", "content_type": 2, "codename": "view_permission"}}, {"model": "auth.permission", "pk": 9, "fields": {"name": "Can add group", "content_type": 3, "codename": "add_group"}}, {"model": "auth.permission", "pk": 10, "fields": {"name": "Can change group", "content_type": 3, "codename": "change_group"}}, {"model": "auth.permission", "pk": 11, "fields": {"name": "Can delete group", "content_type": 3, "codename": "delete_group"}}, {"model": "auth.permission", "pk": 12, "fields": {"name": "Can view group", "content_type": 3, "codename": "view_group"}}, {"model": "auth.permission", "pk": 13, "fields": {"name": "Can add content type", "content_type": 4, "codename": "add_contenttype"}}, {"model": "auth.permission", "pk": 14, "fields": {"name": "Can change content type", "content_type": 4, "codename": "change_contenttype"}}, {"model": "auth.permission", "pk": 15, "fields": {"name": "Can delete content type", "content_type": 4, "codename": "delete_contenttype"}}, {"model": "auth.permission", "pk": 16, "fields": {"name": "Can view content type", "content_type": 4, "codename": "view_contenttype"}}, {"model": "auth.permission", "pk": 17, "fields": {"name": "Can add session", "content_type": 5, "codename": "add_session"}}, {"model": "auth.permission", "pk": 18, "fields": {"name": "Can change session", "content_type": 5, "codename": "change_session"}}, {"model": "auth.permission", "pk": 19, "fields": {"name": "Can delete session", "content_type": 5, "codename": "delete_session"}}, {"model": "auth.permission", "pk": 20, "fields": {"name": "Can view session", "content_type": 5, "codename": "view_session"}}, {"model": "auth.permission", "pk": 21, "fields": {"name": "Can add custom user", "content_type": 6, "codename": "add_customuser"}}, {"model": "auth.permission", "pk": 22, "fields": {"name": "Can change custom user", "content_type": 6, "codename": "change_customuser"}}, {"model": "auth.permission", "pk": 23, "fields": {"name": "Can delete custom user", "content_type": 6, "codename": "delete_customuser"}}, {"model": "auth.permission", "pk": 24, "fields": {"name": "Can view custom user", "content_type": 6, "codename": "view_customuser"}}, {"model": "auth.permission", "pk": 25, "fields": {"name": "Can add report reasons", "content_type": 7, "codename": "add_reportreasons"}}, {"model": "auth.permission", "pk": 26, "fields": {"name": "Can change report reasons", "content_type": 7, "codename": "change_reportreasons"}}, {"model": "auth.permission", "pk": 27, "fields": {"name": "Can delete report reasons", "content_type": 7, "codename": "delete_reportreasons"}}, {"model": "auth.permission", "pk": 28, "fields": {"name": "Can view report reasons", "content_type": 7, "codename": "view_reportreasons"}}, {"model": "auth.permission", "pk": 29, "fields": {"name": "Can add user info", "content_type": 8, "codename": "add_userinfo"}}, {"model": "auth.permission", "pk": 30, "fields": {"name": "Can change user info", "content_type": 8, "codename": "change_userinfo"}}, {"model": "auth.permission", "pk": 31, "fields": {"name": "Can delete user info", "content_type": 8, "codename": "delete_userinfo"}}, {"model": "auth.permission", "pk": 32, "fields": {"name": "Can view user info", "content_type": 8, "codename": "view_userinfo"}}, {"model": "auth.permission", "pk": 33, "fields": {"name": "Can add report", "content_type": 9, "codename": "add_report"}}, {"model": "auth.permission", "pk": 34, "fields": {"name": "Can change report", "content_type": 9, "codename": "change_report"}}, {"model": "auth.permission", "pk": 35, "fields": {"name": "Can delete report", "content_type": 9, "codename": "delete_report"}}, {"model": "auth.permission", "pk": 36, "fields": {"name": "Can view report", "content_type": 9, "codename": "view_report"}}, {"model": "auth.permission", "pk": 37, "fields": {"name": "Can add executedfunction", "content_type": 10, "codename": "add_executedfunction"}}, {"model": "auth.permission", "pk": 38, "fields": {"name": "Can change executedfunction", "content_type": 10, "codename": "change_executedfunction"}}, {"model": "auth.permission", "pk": 39, "fields": {"name": "Can delete executedfunction", "content_type": 10, "codename": "delete_executedfunction"}}, {"model": "auth.permission", "pk": 40, "fields": {"name": "Can view executedfunction", "content_type": 10, "codename": "view_executedfunction"}}, {"model": "auth.permission", "pk": 41, "fields": {"name": "Can add talks", "content_type": 11, "codename": "add_talks"}}, {"model": "auth.permission", "pk": 42, "fields": {"name": "Can change talks", "content_type": 11, "codename": "change_talks"}}, {"model": "auth.permission", "pk": 43, "fields": {"name": "Can delete talks", "content_type": 11, "codename": "delete_talks"}}, {"model": "auth.permission", "pk": 44, "fields": {"name": "Can view talks", "content_type": 11, "codename": "view_talks"}}, {"model": "auth.permission", "pk": 45, "fields": {"name": "Can add message", "content_type": 12, "codename": "add_message"}}, {"model": "auth.permission", "pk": 46, "fields": {"name": "Can change message", "content_type": 12, "codename": "change_message"}}, {"model": "auth.permission", "pk": 47, "fields": {"name": "Can delete message", "content_type": 12, "codename": "delete_message"}}, {"model": "auth.permission", "pk": 48, "fields": {"name": "Can view message", "content_type": 12, "codename": "view_message"}}, {"model": "auth.permission", "pk": 49, "fields": {"name": "Can add favorites", "content_type": 13, "codename": "add_favorites"}}, {"model": "auth.permission", "pk": 50, "fields": {"name": "Can change favorites", "content_type": 13, "codename": "change_favorites"}}, {"model": "auth.permission", "pk": 51, "fields": {"name": "Can delete favorites", "content_type": 13, "codename": "delete_favorites"}}, {"model": "auth.permission", "pk": 52, "fields": {"name": "Can view favorites", "content_type": 13, "codename": "view_favorites"}}, {"model": "contenttypes.contenttype", "pk": 1, "fields": {"app_label": "admin", "model": "logentry"}}, {"model": "contenttypes.contenttype", "pk": 2, "fields": {"app_label": "auth", "model": "permission"}}, {"model": "contenttypes.contenttype", "pk": 3, "fields": {"app_label": "auth", "model": "group"}}, {"model": "contenttypes.contenttype", "pk": 4, "fields": {"app_label": "contenttypes", "model": "contenttype"}}, {"model": "contenttypes.contenttype", "pk": 5, "fields": {"app_label": "sessions", "model": "session"}}, {"model": "contenttypes.contenttype", "pk": 6, "fields": {"app_label": "users", "model": "customuser"}}, {"model": "contenttypes.contenttype", "pk": 7, "fields": {"app_label": "users", "model": "reportreasons"}}, {"model": "contenttypes.contenttype", "pk": 8, "fields": {"app_label": "users", "model": "userinfo"}}, {"model": "contenttypes.contenttype", "pk": 9, "fields": {"app_label": "users", "model": "report"}}, {"model": "contenttypes.contenttype", "pk": 10, "fields": {"app_label": "postapp", "model": "executedfunction"}}, {"model": "contenttypes.contenttype", "pk": 11, "fields": {"app_label": "postapp", "model": "talks"}}, {"model": "contenttypes.contenttype", "pk": 12, "fields": {"app_label": "postapp", "model": "message"}}, {"model": "contenttypes.contenttype", "pk": 13, "fields": {"app_label": "postapp", "model": "favorites"}}, {"model": "sessions.session", "pk": "daq09bpdpf83oboe7cmo4oyaxxy1dscg", "fields": {"session_data": ".eJxVjMsOwiAQRf-FtSG86bh07zeQAQapGkhKuzL-uzbpQrf3nHNfLOC21rANWsKc2ZlJdvrdIqYHtR3kO7Zb56m3dZkj3xV-0MGvPdPzcrh_BxVH_dYCXLHWkDMRgBRZIayPyVhlQU5aTCXLUrQWGVPK3pNTJWkHJmrA4pG9P8jQN7U:1moJ58:mjbUsnLa4ti1xD4Qj4fFO8obemZYiHgoVAthzCH2p3g", "expire_date": "2021-12-04T05:38:34.480Z"}}, {"model": "sessions.session", "pk": "e1nzg4jdchqes5ybubqsqsjo72s6zaew", "fields": {"session_data": ".eJxVjMsOwiAQRf-FtSG86bh07zeQAQapGkhKuzL-uzbpQrf3nHNfLOC21rANWsKc2ZlJdvrdIqYHtR3kO7Zb56m3dZkj3xV-0MGvPdPzcrh_BxVH_dYCXLHWkDMRgBRZIayPyVhlQU5aTCXLUrQWGVPK3pNTJWkHJmrA4pG9P8jQN7U:1moIvw:ULK-DLkMfu2GP2XChhAo-jJknAyU1a1fW9cpiykT2po", "expire_date": "2021-12-04T05:29:04.584Z"}}, {"model": "users.customuser", "pk": 1, "fields": {"password": "pbkdf2_sha256$216000$w9B8Ox1KuupG$AqYLTqcNkamvlpNtkeEaLha6hbfVl1N9u1JGHw3nKg8=", "last_login": "2021-11-20T05:38:34.479Z", "email": "admin@django.com", "username": "admin", "phone_number": "+818012345678", "is_active": true, "is_admin": true}}, {"model": "users.customuser", "pk": 2, "fields": {"password": "pbkdf2_sha256$216000$ZNxnHDrnBXjq$ojlqQfQK8IceUBEKbXv4QPxxua3ZM0OgmF1yRDuprTI=", "last_login": null, "email": "user_0@django.com", "username": "user_0", "phone_number": "+81676712412", "is_active": true, "is_admin": false}}, {"model": "users.customuser", "pk": 3, "fields": {"password": "pbkdf2_sha256$216000$s2qN8QzGxflz$EJBlT/lnHWpob4Pj8d99TKHqZnjDTwDgWzGM01d1ujk=", "last_login": null, "email": "user_1@django.com", "username": "user_1", "phone_number": "+81239711249", "is_active": true, "is_admin": false}}, {"model": "users.customuser", "pk": 4, "fields": {"password": "pbkdf2_sha256$216000$ZCyKAJl07VYZ$md1swoT5MuSBGdAPWqrus2i6HfB59IWV4sZA2/pkM+8=", "last_login": null, "email": "user_2@django.com", "username": "user_2", "phone_number": "+81746645165", "is_active": true, "is_admin": false}}, {"model": "users.customuser", "pk": 5, "fields": {"password": "pbkdf2_sha256$216000$l26hoeDguEaT$bfDwWxOMr6kKPN7Qa721Dv4MkUg5KG3UpCjHd7t7RCw=", "last_login": null, "email": "user_3@django.com", "username": "user_3", "phone_number": "+81281311143", "is_active": true, "is_admin": false}}, {"model": "users.customuser", "pk": 6, "fields": {"password": "pbkdf2_sha256$216000$nL6dRgmVvVGq$WgVL8IKN7qAANYYU+cFse+tohhuzSDDx5g/y4570FO0=", "last_login": null, "email": "user_4@django.com", "username": "user_4", "phone_number": "+81695862185", "is_active": true, "is_admin": false}}, {"model": "users.customuser", "pk": 7, "fields": {"password": "pbkdf2_sha256$216000$7DR7L3vjev2H$rj9GMHL7qoZOFE43M4FjV4CQ0Fen9ZrWUVBuHPYqNPg=", "last_login": null, "email": "user_5@django.com", "username": "user_5", "phone_number": "+81436226144", "is_active": true, "is_admin": false}}, {"model": "users.customuser", "pk": 8, "fields": {"password": "pbkdf2_sha256$216000$A67OsTo0h40V$RKZYtmimXrITiq4jt0bAazu5wHQ/Kswj/e6UnrKmTHI=", "last_login": null, "email": "user_6@django.com", "username": "user_6", "phone_number": "+81245898186", "is_active": true, "is_admin": false}}, {"model": "users.customuser", "pk": 9, "fields": {"password": "pbkdf2_sha256$216000$hPOVuLjpPtxo$VjILjZBtIEp2+0GZAg6nT+W3jeaRoQFJQ8RAU93dl+I=", "last_login": null, "email": "user_7@django.com", "username": "user_7", "phone_number": "+81935457313", "is_active": true, "is_admin": false}}, {"model": "users.customuser", "pk": 10, "fields": {"password": "pbkdf2_sha256$216000$lRUnhVKxNl0b$nZjGJVj38ndtXYu04nC1dfZ+8fPTuo7niGCm9/EniSw=", "last_login": null, "email": "user_8@django.com", "username": "user_8", "phone_number": "+81593285191", "is_active": true, "is_admin": false}}, {"model": "users.customuser", "pk": 11, "fields": {"password": "pbkdf2_sha256$216000$M5PF7rXkCIAm$95nv1hbhegg1lMpE9ckA+oUtS6hTNopqoMVMuaQX+9U=", "last_login": null, "email": "user_9@django.com", "username": "user_9", "phone_number": "+81455318848", "is_active": true, "is_admin": false}}, {"model": "users.customuser", "pk": 12, "fields": {"password": "pbkdf2_sha256$216000$JTYqSiYqtvtO$TJKsxUhNDFHGFYezB5aMSj/xpnEw/OKXuT8rMpvh7hs=", "last_login": null, "email": "user_10@django.com", "username": "user_10", "phone_number": "+81478929843", "is_active": true, "is_admin": false}}, {"model": "users.customuser", "pk": 13, "fields": {"password": "pbkdf2_sha256$216000$KpdxZqy2948F$gbCgdLDeXGKB6zWCsOssYZbZdq/MzxHHRuch3ZJdbXA=", "last_login": null, "email": "user_11@django.com", "username": "user_11", "phone_number": "+81738439737", "is_active": true, "is_admin": false}}, {"model": "users.customuser", "pk": 14, "fields": {"password": "pbkdf2_sha256$216000$dI0ocx7Rt9iv$YPSHlG1TdMKIM5fOMPxgn7aPNdRs42anXoEaN2CMBRI=", "last_login": null, "email": "user_12@django.com", "username": "user_12", "phone_number": "+81622189815", "is_active": true, "is_admin": false}}, {"model": "users.customuser", "pk": 15, "fields": {"password": "pbkdf2_sha256$216000$0eS8VlW4dfyL$2ewMWbI0ev80bkHv9pFpLLZJ56QmlAdUb7vfNVLPM5g=", "last_login": null, "email": "user_13@django.com", "username": "user_13", "phone_number": "+81769788752", "is_active": true, "is_admin": false}}, {"model": "users.customuser", "pk": 16, "fields": {"password": "pbkdf2_sha256$216000$l48eZIoCfNgt$Dy45Vx4PCgByYtErUJ9ohSjc6LFufvbdQ+y0D4cmQog=", "last_login": null, "email": "user_14@django.com", "username": "user_14", "phone_number": "+81862544986", "is_active": true, "is_admin": false}}, {"model": "users.customuser", "pk": 17, "fields": {"password": "pbkdf2_sha256$216000$XaB80L92jl9k$KbyHASDJEWRFooPaGGrZWIl5hlae1ysk6mWF5+q8VEo=", "last_login": null, "email": "user_15@django.com", "username": "user_15", "phone_number": "+81747763873", "is_active": true, "is_admin": false}}, {"model": "users.customuser", "pk": 18, "fields": {"password": "pbkdf2_sha256$216000$vvOOf7GtHDSb$VJRU7mOyQ590FRi/p8U6ne6IE1cwwATJkJkp8z99G+M=", "last_login": null, "email": "user_16@django.com", "username": "user_16", "phone_number": "+81143318853", "is_active": true, "is_admin": false}}, {"model": "users.customuser", "pk": 19, "fields": {"password": "pbkdf2_sha256$216000$Uho00kFkxECu$sbY3rIzM/2Zx+H8hjXsxjeAsOE6cdXkLqpa4hayoKzA=", "last_login": null, "email": "user_17@django.com", "username": "user_17", "phone_number": "+81532491323", "is_active": true, "is_admin": false}}, {"model": "users.customuser", "pk": 20, "fields": {"password": "pbkdf2_sha256$216000$PjjAxfrOHMHp$oSugGPK+xZ++r77oDsJsmHFeS1EKRjhaVAeWfX6IQJk=", "last_login": null, "email": "user_18@django.com", "username": "user_18", "phone_number": "+81893917141", "is_active": true, "is_admin": false}}, {"model": "users.customuser", "pk": 21, "fields": {"password": "pbkdf2_sha256$216000$dMUGDe0NR7yN$lnZZsfisjAO9QSe/smcYXOOrXWqcBh6lToW82NK5SQg=", "last_login": null, "email": "user_19@django.com", "username": "user_19", "phone_number": "+81288537841", "is_active": true, "is_admin": false}}, {"model": "users.customuser", "pk": 22, "fields": {"password": "pbkdf2_sha256$216000$Cka0EvjvApuR$CFqVQus7+B20Sq4kOj12HI0R3x170GKs8UsOj3eAJ0s=", "last_login": null, "email": "user_20@django.com", "username": "user_20", "phone_number": "+81832378962", "is_active": true, "is_admin": false}}, {"model": "users.customuser", "pk": 23, "fields": {"password": "pbkdf2_sha256$216000$xaIJpA4hzhxj$VHO45lum7zwXDj6YCcjqpYvaJn+aeUVS0bQp+hgMjNs=", "last_login": null, "email": "user_21@django.com", "username": "user_21", "phone_number": "+81188411434", "is_active": true, "is_admin": false}}, {"model": "users.customuser", "pk": 24, "fields": {"password": "pbkdf2_sha256$216000$S2rUHGL8HkHh$LaijdMRIxhXnfe6w81iknWCQeNPTb4zkyRNH3DvNDrE=", "last_login": null, "email": "user_22@django.com", "username": "user_22", "phone_number": "+81952634779", "is_active": true, "is_admin": false}}, {"model": "users.customuser", "pk": 25, "fields": {"password": "pbkdf2_sha256$216000$iwVIKYUlssFx$a1yeOoEWeMBgFYh/AZ/GYf/4tA1pOzVki7qbR6Gmof0=", "last_login": null, "email": "user_23@django.com", "username": "user_23", "phone_number": "+81742857938", "is_active": true, "is_admin": false}}, {"model": "users.customuser", "pk": 26, "fields": {"password": "pbkdf2_sha256$216000$ZXCwtv2VOuf2$AoJrWRDoiluJty+9B3ODlx+4yk8wt9YU8KChwgi9r0E=", "last_login": null, "email": "user_24@django.com", "username": "user_24", "phone_number": "+81947623852", "is_active": true, "is_admin": false}}, {"model": "users.customuser", "pk": 27, "fields": {"password": "pbkdf2_sha256$216000$Q91PuSV4TB4a$7Wh8yauQh7GP5kdTao8dg+BWZpF/Iv+uf7O5misDnmw=", "last_login": null, "email": "user_25@django.com", "username": "user_25", "phone_number": "+81457387857", "is_active": true, "is_admin": false}}, {"model": "users.customuser", "pk": 28, "fields": {"password": "pbkdf2_sha256$216000$g1re0zLVlWQM$Ss0o2tohgMMaMFMO5GQqOEZLqU50XqVPAHOHUWCYnVE=", "last_login": null, "email": "user_26@django.com", "username": "user_26", "phone_number": "+81723496733", "is_active": true, "is_admin": false}}, {"model": "users.customuser", "pk": 29, "fields": {"password": "pbkdf2_sha256$216000$mpRUiEzykAXu$TCTa+hT+2tWyITTqUTksOxJSjG1Rczf+pOs/xigFqNo=", "last_login": null, "email": "user_27@django.com", "username": "user_27", "phone_number": "+81961133752", "is_active": true, "is_admin": false}}, {"model": "users.customuser", "pk": 30, "fields": {"password": "pbkdf2_sha256$216000$3OU94HUDYFh9$qO2Ong7KH02guK1v1eglbOnEJe/3ewfaDgFQDIXFtQ4=", "last_login": null, "email": "user_28@django.com", "username": "user_28", "phone_number": "+81799889223", "is_active": true, "is_admin": false}}, {"model": "users.customuser", "pk": 31, "fields": {"password": "pbkdf2_sha256$216000$yIRPYEWpiBKd$W0bR+pLa62OwcvdoODbKIsWst9NjFFtYjZzevPBDhSs=", "last_login": null, "email": "user_29@django.com", "username": "user_29", "phone_number": "+81865463775", "is_active": true, "is_admin": false}}, {"model": "users.customuser", "pk": 32, "fields": {"password": "pbkdf2_sha256$216000$54rBRNtVB1Uz$x8bU3Z9fsc0euT503RAg5dJ7M3lpfq14uAOd3aXjMXE=", "last_login": null, "email": "user_30@django.com", "username": "user_30", "phone_number": "+81396152755", "is_active": true, "is_admin": false}}, {"model": "users.customuser", "pk": 33, "fields": {"password": "pbkdf2_sha256$216000$7RpWDQTr6087$wcHhfdSHaCXtFaAHOKRyU0KTOZ5rWmvnpBo4zqLSIM4=", "last_login": null, "email": "user_31@django.com", "username": "user_31", "phone_number": "+81356562853", "is_active": true, "is_admin": false}}, {"model": "users.customuser", "pk": 34, "fields": {"password": "pbkdf2_sha256$216000$PlSWy74yAwuK$sEFbfLQT7rXQp6pgJDd3GSkAqvEyc2QnV+9xMJqUGQI=", "last_login": null, "email": "user_32@django.com", "username": "user_32", "phone_number": "+81477796422", "is_active": true, "is_admin": false}}, {"model": "users.customuser", "pk": 35, "fields": {"password": "pbkdf2_sha256$216000$jQc5Slc1KVvj$veew3gbNXawVA8cO/vrrty0S86Z03v8Mt7F987VeA6M=", "last_login": null, "email": "user_33@django.com", "username": "user_33", "phone_number": "+81372769784", "is_active": true, "is_admin": false}}, {"model": "users.customuser", "pk": 36, "fields": {"password": "pbkdf2_sha256$216000$9oSzpTawGx3R$e8n75rjgCVG4WVRkUdp1DrO1/GDayezHkFWOP2hMfWM=", "last_login": null, "email": "user_34@django.com", "username": "user_34", "phone_number": "+81863712593", "is_active": true, "is_admin": false}}, {"model": "users.customuser", "pk": 37, "fields": {"password": "pbkdf2_sha256$216000$J62OGF5ZVdHl$xYrGquY8Ivv567QgniI8JlF7lyeCJP3qjDjZw7WCCig=", "last_login": null, "email": "user_35@django.com", "username": "user_35", "phone_number": "+81288569364", "is_active": true, "is_admin": false}}, {"model": "users.customuser", "pk": 38, "fields": {"password": "pbkdf2_sha256$216000$xseoBqCBubHy$cNkqm4j2qRBjc2m9js2yi1zXIbPMYDHegkRZLpJ/oYY=", "last_login": null, "email": "user_36@django.com", "username": "user_36", "phone_number": "+81264459674", "is_active": true, "is_admin": false}}, {"model": "users.customuser", "pk": 39, "fields": {"password": "pbkdf2_sha256$216000$k7tHFkNR6J98$zoK9Lb6Kgu4OsqtpPxRQ4wL8Gen7tvePYf73nLgpq6c=", "last_login": null, "email": "user_37@django.com", "username": "user_37", "phone_number": "+81229955851", "is_active": true, "is_admin": false}}, {"model": "users.customuser", "pk": 40, "fields": {"password": "pbkdf2_sha256$216000$gW2n4WPgyxTV$SLYmr7bcRXBiCqR3uu3zTCYUf6r6zFzpphCQf6X/3GU=", "last_login": null, "email": "user_38@django.com", "username": "user_38", "phone_number": "+81726663921", "is_active": true, "is_admin": false}}, {"model": "users.customuser", "pk": 41, "fields": {"password": "pbkdf2_sha256$216000$AnEYXyj1Xzpp$Osi4D9MY8m0Q3aj8aZ46ldr4mfTcfwdXPPR3WFzDYp0=", "last_login": null, "email": "user_39@django.com", "username": "user_39", "phone_number": "+81174114512", "is_active": true, "is_admin": false}}, {"model": "users.customuser", "pk": 42, "fields": {"password": "pbkdf2_sha256$216000$H7DyaBTagZLg$DsDXgoBioUmgDLvKrdoabS37osCRpAgUw7rIH3zUGkM=", "last_login": null, "email": "user_40@django.com", "username": "user_40", "phone_number": "+81426288414", "is_active": true, "is_admin": false}}, {"model": "users.customuser", "pk": 43, "fields": {"password": "pbkdf2_sha256$216000$ueDfn3Hqs5g2$Exh5X+gk6h09we2vFmmr/U2xGzuTIajk0+k2dmeiZYA=", "last_login": null, "email": "user_41@django.com", "username": "user_41", "phone_number": "+81724232358", "is_active": true, "is_admin": false}}, {"model": "users.customuser", "pk": 44, "fields": {"password": "pbkdf2_sha256$216000$05idmWGaAzER$SVjx+Y6O2PMNTHP8E1NqBDFL1wtbJUWPhzWOAXPjezo=", "last_login": null, "email": "user_42@django.com", "username": "user_42", "phone_number": "+81275636428", "is_active": true, "is_admin": false}}, {"model": "users.customuser", "pk": 45, "fields": {"password": "pbkdf2_sha256$216000$eNN6jX9XQVBu$1bflCo9lY15r4gGdNA52be04cj4URCK2pZ02DP5cFWA=", "last_login": null, "email": "user_43@django.com", "username": "user_43", "phone_number": "+81434562333", "is_active": true, "is_admin": false}}, {"model": "users.customuser", "pk": 46, "fields": {"password": "pbkdf2_sha256$216000$9VQuoWF5re2V$MZ2OfEs+CSmBJdEr9LhxQXdB8oXy1r+eJpCMfCYsxBA=", "last_login": null, "email": "user_44@django.com", "username": "user_44", "phone_number": "+81225272778", "is_active": true, "is_admin": false}}, {"model": "users.customuser", "pk": 47, "fields": {"password": "pbkdf2_sha256$216000$X9H8hyMxXU4f$kQGyzxRPUv43Ucr1dO8Y9OCb0MOLZ3sczRa1o5BtwEc=", "last_login": null, "email": "user_45@django.com", "username": "user_45", "phone_number": "+81584491395", "is_active": true, "is_admin": false}}, {"model": "users.customuser", "pk": 48, "fields": {"password": "pbkdf2_sha256$216000$3z5P81bMD0BA$Ig3OmtrOgbs4UyCzcMysvgmO0Yuic24UQ8AlMq86AoQ=", "last_login": null, "email": "user_46@django.com", "username": "user_46", "phone_number": "+81763366314", "is_active": true, "is_admin": false}}, {"model": "users.customuser", "pk": 49, "fields": {"password": "pbkdf2_sha256$216000$jsAZNrZHuXeN$twddguE9hkdYtjzJir4kj3M3KumIzGz5AkXJV44OHJU=", "last_login": null, "email": "user_47@django.com", "username": "user_47", "phone_number": "+81482259392", "is_active": true, "is_admin": false}}, {"model": "users.customuser", "pk": 50, "fields": {"password": "pbkdf2_sha256$216000$5PCUmBPtkzHW$JtA8MCogt98OGNS6bWJrGT9AWY2de5qCjTEgr2QywVs=", "last_login": null, "email": "user_48@django.com", "username": "user_48", "phone_number": "+81447616632", "is_active": true, "is_admin": false}}, {"model": "users.customuser", "pk": 51, "fields": {"password": "pbkdf2_sha256$216000$2tHxcnP1y8tL$ei26ZKGEVn3OsX8sCnnY2JhCvW7Dc0CbPVpHdLNEI7c=", "last_login": null, "email": "user_49@django.com", "username": "user_49", "phone_number": "+81443959747", "is_active": true, "is_admin": false}}, {"model": "users.customuser", "pk": 52, "fields": {"password": "pbkdf2_sha256$216000$UNpT2oZpmlwJ$LPRGGunIXmfelblRkKc5N/Jmn4nl4a32fXTgbVzJjrY=", "last_login": null, "email": "user_50@django.com", "username": "user_50", "phone_number": "+81112236371", "is_active": true, "is_admin": false}}, {"model": "users.customuser", "pk": 53, "fields": {"password": "pbkdf2_sha256$216000$P3GNS6caLEfv$ttcUuI7nOy4+j0YfGYqRMz8LLETyLYtG4tr/5SpsXJ4=", "last_login": null, "email": "user_51@django.com", "username": "user_51", "phone_number": "+81658645856", "is_active": true, "is_admin": false}}, {"model": "users.customuser", "pk": 54, "fields": {"password": "pbkdf2_sha256$216000$1ab2SRUoUkmF$LcL/gOWpaRCMrv4vuUPolfdgacLNlQE93DFtQZEmDGQ=", "last_login": null, "email": "user_52@django.com", "username": "user_52", "phone_number": "+81987657688", "is_active": true, "is_admin": false}}, {"model": "users.customuser", "pk": 55, "fields": {"password": "pbkdf2_sha256$216000$oomJ5jfLee9V$/Wfal9KpBADzooZM1sxL5yvBdomyBT+r2X+2jV7P/o8=", "last_login": null, "email": "user_53@django.com", "username": "user_53", "phone_number": "+81271343674", "is_active": true, "is_admin": false}}, {"model": "users.customuser", "pk": 56, "fields": {"password": "pbkdf2_sha256$216000$lQ1yB0vgwIeB$6ZfU+CmIcKElVNcbH5wOZv7if+cn8PkFB33H+fBcVUo=", "last_login": null, "email": "user_54@django.com", "username": "user_54", "phone_number": "+81374994266", "is_active": true, "is_admin": false}}, {"model": "users.customuser", "pk": 57, "fields": {"password": "pbkdf2_sha256$216000$ktIZ25V9oQsL$ZejwN1cAuzebCOpYsG7z429i5IyWZG7mHzvnl7+PdiI=", "last_login": null, "email": "user_55@django.com", "username": "user_55", "phone_number": "+81623482321", "is_active": true, "is_admin": false}}, {"model": "users.customuser", "pk": 58, "fields": {"password": "pbkdf2_sha256$216000$ysSiYryzhTjw$xLbgOAdaQfaXfJUGuAjOq0CQD+rZR2uIgHyXUWqrzls=", "last_login": null, "email": "user_56@django.com", "username": "user_56", "phone_number": "+81678925314", "is_active": true, "is_admin": false}}, {"model": "users.customuser", "pk": 59, "fields": {"password": "pbkdf2_sha256$216000$SDpQtYpw9nIT$eNYpr6w2b+s8M1Y/ZB/yomCABGx79x1q8DgSPvHFCvE=", "last_login": null, "email": "user_57@django.com", "username": "user_57", "phone_number": "+81435968373", "is_active": true, "is_admin": false}}, {"model": "users.customuser", "pk": 60, "fields": {"password": "pbkdf2_sha256$216000$14nXo7rMdRvL$IowXF2l055yZEcNClyxjZgiL9FmoEWWokeeDOEYyMjk=", "last_login": null, "email": "user_58@django.com", "username": "user_58", "phone_number": "+81846898183", "is_active": true, "is_admin": false}}, {"model": "users.customuser", "pk": 61, "fields": {"password": "pbkdf2_sha256$216000$fWp88Scystq2$7Jdaj67WQ3p9M7kRjQBN3jsefVMyAUfk45rWnNFnnI8=", "last_login": null, "email": "user_59@django.com", "username": "user_59", "phone_number": "+81662618988", "is_active": true, "is_admin": false}}, {"model": "users.customuser", "pk": 62, "fields": {"password": "pbkdf2_sha256$216000$AxkzM39rUdZl$vZQl9dxrmKreM8WHWVS1HBz3wwzVM0b77MewqMytFY0=", "last_login": null, "email": "user_60@django.com", "username": "user_60", "phone_number": "+81348615162", "is_active": true, "is_admin": false}}, {"model": "users.customuser", "pk": 63, "fields": {"password": "pbkdf2_sha256$216000$ohBu1Cvo3beA$jnJ2W9j9oKy0n5WKS1CoUK2HNMY0/EzExeAdPylHlaU=", "last_login": null, "email": "user_61@django.com", "username": "user_61", "phone_number": "+81267712189", "is_active": true, "is_admin": false}}, {"model": "users.customuser", "pk": 64, "fields": {"password": "pbkdf2_sha256$216000$xD35Tijam2fY$RqCsLcNM2Cx75hMhQQjAmetAuKo/XBUiKdWA1oOpzBs=", "last_login": null, "email": "user_62@django.com", "username": "user_62", "phone_number": "+81694559419", "is_active": true, "is_admin": false}}, {"model": "users.customuser", "pk": 65, "fields": {"password": "pbkdf2_sha256$216000$8FipTlQroetQ$VWfCtXpLm+m3pdgN4mKTACh+C1KxlhlfYcNhkkQ/Oxo=", "last_login": null, "email": "user_63@django.com", "username": "user_63", "phone_number": "+81647761798", "is_active": true, "is_admin": false}}, {"model": "users.customuser", "pk": 66, "fields": {"password": "pbkdf2_sha256$216000$um5aRQucku0m$KA0n1ccLu2It5mywtKw9nAabZ0UswtyMoYUH5ZFfNBY=", "last_login": null, "email": "user_64@django.com", "username": "user_64", "phone_number": "+81688925226", "is_active": true, "is_admin": false}}, {"model": "users.customuser", "pk": 67, "fields": {"password": "pbkdf2_sha256$216000$fCNrBmphEkeA$4IQeKUBu2lszd4QHJ6Qgt8NWhUiU36DlZAgosV6Ih7E=", "last_login": null, "email": "user_65@django.com", "username": "user_65", "phone_number": "+81575917685", "is_active": true, "is_admin": false}}, {"model": "users.customuser", "pk": 68, "fields": {"password": "pbkdf2_sha256$216000$h14pZgDXhUXr$NRpv+q1WgmkwknXLsV0FVfTm8NR3GbvrFd/H1TPXZqA=", "last_login": null, "email": "user_66@django.com", "username": "user_66", "phone_number": "+81533728969", "is_active": true, "is_admin": false}}, {"model": "users.customuser", "pk": 69, "fields": {"password": "pbkdf2_sha256$216000$EyvzIxb0FSHA$/zRfEU82q41v6RJIg8ofVe5sF20pqGEf1qkPjWnxc9o=", "last_login": null, "email": "user_67@django.com", "username": "user_67", "phone_number": "+81492518228", "is_active": true, "is_admin": false}}, {"model": "users.customuser", "pk": 70, "fields": {"password": "pbkdf2_sha256$216000$IdotOmtZg9hW$IO+Xapy5KLde3Py0w6PPSSG5Bu+GbxUmf9siBNPpYOc=", "last_login": null, "email": "user_68@django.com", "username": "user_68", "phone_number": "+81392643115", "is_active": true, "is_admin": false}}, {"model": "users.customuser", "pk": 71, "fields": {"password": "pbkdf2_sha256$216000$BP9ExVoqUIPK$2UDkPANz1TCxey+gDa5Wt3D8IcXPeOBEEVhbb+scbn0=", "last_login": null, "email": "user_69@django.com", "username": "user_69", "phone_number": "+81972523414", "is_active": true, "is_admin": false}}, {"model": "users.customuser", "pk": 72, "fields": {"password": "pbkdf2_sha256$216000$hgN0MZcmPx48$luXqOcEBexBRsfCsXBJMjLLd49uSgduC3vkiiHnnPik=", "last_login": null, "email": "user_70@django.com", "username": "user_70", "phone_number": "+81683192423", "is_active": true, "is_admin": false}}, {"model": "users.customuser", "pk": 73, "fields": {"password": "pbkdf2_sha256$216000$KmXFRLTLS1OA$Dzys5lQB7qbo1zGyCboufNDJUitGC3CAdxwR0j9B/5o=", "last_login": null, "email": "user_71@django.com", "username": "user_71", "phone_number": "+81971247616", "is_active": true, "is_admin": false}}, {"model": "users.customuser", "pk": 74, "fields": {"password": "pbkdf2_sha256$216000$CNTdUYQGeA1j$lnm0baoDHS3rKsbwNBgd0kLwq7S3+KYLfUHVl4PfGJ4=", "last_login": null, "email": "user_72@django.com", "username": "user_72", "phone_number": "+81428218698", "is_active": true, "is_admin": false}}, {"model": "users.customuser", "pk": 75, "fields": {"password": "pbkdf2_sha256$216000$QyqdoBMuvbFd$N1Ndl2fRX9qTa1DtxYN5G7KUJOxBCN/A2rAlAxmxQzE=", "last_login": null, "email": "user_73@django.com", "username": "user_73", "phone_number": "+81687433134", "is_active": true, "is_admin": false}}, {"model": "users.customuser", "pk": 76, "fields": {"password": "pbkdf2_sha256$216000$nRhYGmt6qpZA$zS3+8Z3S7sf2YWv0b4mGz+U9QB71SXeIvv/IEDNqU/k=", "last_login": null, "email": "user_74@django.com", "username": "user_74", "phone_number": "+81942962246", "is_active": true, "is_admin": false}}, {"model": "users.customuser", "pk": 77, "fields": {"password": "pbkdf2_sha256$216000$Rg8OvfHExwCo$lA+/FLbwAGH1iVjAfMuhOlo0RfNOBK0W8/6q8Mp6GDU=", "last_login": null, "email": "user_75@django.com", "username": "user_75", "phone_number": "+81999855657", "is_active": true, "is_admin": false}}, {"model": "users.customuser", "pk": 78, "fields": {"password": "pbkdf2_sha256$216000$xMw1j7EaxhcV$NlATUe6iPng1vZ5rjNvVB3f/S8r5h3D6rjJndfErrYY=", "last_login": null, "email": "user_76@django.com", "username": "user_76", "phone_number": "+81522713157", "is_active": true, "is_admin": false}}, {"model": "users.customuser", "pk": 79, "fields": {"password": "pbkdf2_sha256$216000$Ljnj70X9BFz5$1L+Jhidsm0QaWvgQMAxqyrLoahTm5HLsnXkOwt72TfQ=", "last_login": null, "email": "user_77@django.com", "username": "user_77", "phone_number": "+81762175371", "is_active": true, "is_admin": false}}, {"model": "users.customuser", "pk": 80, "fields": {"password": "pbkdf2_sha256$216000$IrUBNkpEDlhv$H9K8RxV085lkME4yYnr3ta7OdHS4jDyrgWl7hi8c9sc=", "last_login": null, "email": "user_78@django.com", "username": "user_78", "phone_number": "+81695466933", "is_active": true, "is_admin": false}}, {"model": "users.customuser", "pk": 81, "fields": {"password": "pbkdf2_sha256$216000$2fnsaCsqJ8mo$aYM+6YnAoJEtf/PDAUUy9fUPzP+ipZUek8T6+8+Q9gY=", "last_login": null, "email": "user_79@django.com", "username": "user_79", "phone_number": "+81631896844", "is_active": true, "is_admin": false}}, {"model": "users.customuser", "pk": 82, "fields": {"password": "pbkdf2_sha256$216000$H8i8n7YN9QAE$2257yuWCMLi7lEOkL8cJ+hwXcdfGiPmZ/916bW4dEgk=", "last_login": null, "email": "user_80@django.com", "username": "user_80", "phone_number": "+81255228375", "is_active": true, "is_admin": false}}, {"model": "users.customuser", "pk": 83, "fields": {"password": "pbkdf2_sha256$216000$4Mv4K3EUUjAL$3AyN6b2Ro54+s+BI+ciBnTAqthAqV7noFSRmZsLTScM=", "last_login": null, "email": "user_81@django.com", "username": "user_81", "phone_number": "+81328732723", "is_active": true, "is_admin": false}}, {"model": "users.customuser", "pk": 84, "fields": {"password": "pbkdf2_sha256$216000$Ai6SgtteybpD$zWoPxDrsD6hvKNlnVIcu2+u1SJUAnxkoWchljj7WSUg=", "last_login": null, "email": "user_82@django.com", "username": "user_82", "phone_number": "+81353717592", "is_active": true, "is_admin": false}}, {"model": "users.customuser", "pk": 85, "fields": {"password": "pbkdf2_sha256$216000$3Y074MuYBEaf$HLOTx2JARJBOlvmtvmyZwxypmAt2yKTCPq8Nid2Cevc=", "last_login": null, "email": "user_83@django.com", "username": "user_83", "phone_number": "+81836966663", "is_active": true, "is_admin": false}}, {"model": "users.customuser", "pk": 86, "fields": {"password": "pbkdf2_sha256$216000$N3FTwczenv3S$19fVR+vMSbtPYaRf4YezxmeMurGrctNiGlsa/1Mv/Tc=", "last_login": null, "email": "user_84@django.com", "username": "user_84", "phone_number": "+81736795821", "is_active": true, "is_admin": false}}, {"model": "users.customuser", "pk": 87, "fields": {"password": "pbkdf2_sha256$216000$5N4TkK1Ki7aU$dpDdNVUXHQQ9ZRxSEqX1S8jSwaUy8ORtIwdHAYIWhik=", "last_login": null, "email": "user_85@django.com", "username": "user_85", "phone_number": "+81981965589", "is_active": true, "is_admin": false}}, {"model": "users.customuser", "pk": 88, "fields": {"password": "pbkdf2_sha256$216000$T3MbwZGGCGyW$1cm8UdP4rn7RehYukwwP1PrLM4FQ+lPgB3Pi7LGTUjc=", "last_login": null, "email": "user_86@django.com", "username": "user_86", "phone_number": "+81173578811", "is_active": true, "is_admin": false}}, {"model": "users.customuser", "pk": 89, "fields": {"password": "pbkdf2_sha256$216000$zAJVPHeg8Hme$Lac2t7wkE+K972+bnGfDAIxV9dfgClY6tf5lv4kzmIs=", "last_login": null, "email": "user_87@django.com", "username": "user_87", "phone_number": "+81274441622", "is_active": true, "is_admin": false}}, {"model": "users.customuser", "pk": 90, "fields": {"password": "pbkdf2_sha256$216000$BdszkR9aXPnX$KrmXiQhxKyHfrake1175cv3yaNSKDvds+3OUQgfQ/8M=", "last_login": null, "email": "user_88@django.com", "username": "user_88", "phone_number": "+81721241412", "is_active": true, "is_admin": false}}, {"model": "users.customuser", "pk": 91, "fields": {"password": "pbkdf2_sha256$216000$9YkTubCwVBLU$SIZciBsU2Hfx1CwGriJ6LliVsCgt9dr2NYvXSiegCSk=", "last_login": null, "email": "user_89@django.com", "username": "user_89", "phone_number": "+81866384177", "is_active": true, "is_admin": false}}, {"model": "users.customuser", "pk": 92, "fields": {"password": "pbkdf2_sha256$216000$Q2YDE7RnZMpt$uZQjWcAIq71ZdQ+UHP2uGf0ImWX3VZCozqg2GwgwWbs=", "last_login": null, "email": "user_90@django.com", "username": "user_90", "phone_number": "+81331161294", "is_active": true, "is_admin": false}}, {"model": "users.customuser", "pk": 93, "fields": {"password": "pbkdf2_sha256$216000$8be4v7YT14xz$L67ZYWSX4A5w/5hNS3/TT+X6Qh8FZY/5+8guIRWfUhc=", "last_login": null, "email": "user_91@django.com", "username": "user_91", "phone_number": "+81276148551", "is_active": true, "is_admin": false}}, {"model": "users.customuser", "pk": 94, "fields": {"password": "pbkdf2_sha256$216000$lyn50P2I2CwI$ZACkl4hEVB/K5M8tbwzJ4NMUvL372BHNfJmS+LCiNHM=", "last_login": null, "email": "user_92@django.com", "username": "user_92", "phone_number": "+81459247275", "is_active": true, "is_admin": false}}, {"model": "users.customuser", "pk": 95, "fields": {"password": "pbkdf2_sha256$216000$gKcFN2u7tiug$p2695IfOYfbwszFu5PgAFQN0X2WUOabslZvujdrz5Cc=", "last_login": null, "email": "user_93@django.com", "username": "user_93", "phone_number": "+81479311399", "is_active": true, "is_admin": false}}, {"model": "users.customuser", "pk": 96, "fields": {"password": "pbkdf2_sha256$216000$uwa4lQMxNgZh$SFJEmDSR69lqCRZFCEd5TpriBxM67mYdyzxz+7eT/g4=", "last_login": null, "email": "user_94@django.com", "username": "user_94", "phone_number": "+81233381597", "is_active": true, "is_admin": false}}, {"model": "users.customuser", "pk": 97, "fields": {"password": "pbkdf2_sha256$216000$HVGjMCuIO0Xl$qm9jaYs9muEPyijydg/ydN7gioi1cI+CcNgtlZ6fqDQ=", "last_login": null, "email": "user_95@django.com", "username": "user_95", "phone_number": "+81724223349", "is_active": true, "is_admin": false}}, {"model": "users.customuser", "pk": 98, "fields": {"password": "pbkdf2_sha256$216000$isexmyRxkx3A$/idTcLHFJzAi7MrVVBunNbjrxEv9fTAq3yNbEonqdQs=", "last_login": null, "email": "user_96@django.com", "username": "user_96", "phone_number": "+81354629781", "is_active": true, "is_admin": false}}, {"model": "users.customuser", "pk": 99, "fields": {"password": "pbkdf2_sha256$216000$BYcmnIxoGzSt$UMbcRDoDDqS8bQrCVJMUBCk4Nrb2VTKP0BaCgZ4Ig6I=", "last_login": null, "email": "user_97@django.com", "username": "user_97", "phone_number": "+81723361541", "is_active": true, "is_admin": false}}, {"model": "users.customuser", "pk": 100, "fields": {"password": "pbkdf2_sha256$216000$b98hGUNCQczV$H3AadvuEE4qmZ2G0TfFxoC130t+rpL1nGGc6kASYL1c=", "last_login": null, "email": "user_98@django.com", "username": "user_98", "phone_number": "+81538475671", "is_active": true, "is_admin": false}}, {"model": "users.customuser", "pk": 101, "fields": {"password": "pbkdf2_sha256$216000$3E1ZBQOw3ezh$x1/vnSu67sHcudvfExycA+aFG+phx93gj746DRZSbLw=", "last_login": null, "email": "user_99@django.com", "username": "user_99", "phone_number": "+81861871186", "is_active": true, "is_admin": false}}, {"model": "users.userinfo", "pk": "00f1d431-aed6-43d0-ae30-a7f1dee64974", "fields": {"user": 75, "nationality": "JP", "age": null, "gender": null, "gender_of_love": null, "introduction": "", "profile_image": "no_image.png", "count_send_new_messages": 0, "count_receive_new_messages": 0, "count_login": 0, "count_first_reply": 0, "count_bad_messages": 0, "priority": 7}}, {"model": "users.userinfo", "pk": "05b913a3-5598-4c59-a706-45837714a76e", "fields": {"user": 5, "nationality": "JP", "age": null, "gender": null, "gender_of_love": null, "introduction": "", "profile_image": "no_image.png", "count_send_new_messages": 0, "count_receive_new_messages": 0, "count_login": 0, "count_first_reply": 0, "count_bad_messages": 0, "priority": 7}}, {"model": "users.userinfo", "pk": "083c2133-0642-4128-995b-193208c054c2", "fields": {"user": 25, "nationality": "JP", "age": null, "gender": null, "gender_of_love": null, "introduction": "", "profile_image": "no_image.png", "count_send_new_messages": 0, "count_receive_new_messages": 0, "count_login": 0, "count_first_reply": 0, "count_bad_messages": 0, "priority": 7}}, {"model": "users.userinfo", "pk": "0a2dceb3-90e9-4d3e-8fcc-c5cb47c7061e", "fields": {"user": 98, "nationality": "JP", "age": null, "gender": null, "gender_of_love": null, "introduction": "", "profile_image": "no_image.png", "count_send_new_messages": 0, "count_receive_new_messages": 0, "count_login": 0, "count_first_reply": 0, "count_bad_messages": 0, "priority": 7}}, {"model": "users.userinfo", "pk": "0e0abfca-3050-4fb7-a394-bce7823cb86b", "fields": {"user": 45, "nationality": "JP", "age": null, "gender": null, "gender_of_love": null, "introduction": "", "profile_image": "no_image.png", "count_send_new_messages": 0, "count_receive_new_messages": 0, "count_login": 0, "count_first_reply": 0, "count_bad_messages": 0, "priority": 7}}, {"model": "users.userinfo", "pk": "100e567d-3e15-4470-bc32-8e5d6271581c", "fields": {"user": 12, "nationality": "JP", "age": null, "gender": null, "gender_of_love": null, "introduction": "", "profile_image": "no_image.png", "count_send_new_messages": 0, "count_receive_new_messages": 0, "count_login": 0, "count_first_reply": 0, "count_bad_messages": 0, "priority": 7}}, {"model": "users.userinfo", "pk": "109b7afd-0d30-40ae-bafc-1fc5306c1d6c", "fields": {"user": 32, "nationality": "JP", "age": null, "gender": null, "gender_of_love": null, "introduction": "", "profile_image": "no_image.png", "count_send_new_messages": 0, "count_receive_new_messages": 0, "count_login": 0, "count_first_reply": 0, "count_bad_messages": 0, "priority": 7}}, {"model": "users.userinfo", "pk": "17b71fe2-c5b3-4037-a861-4ed792806605", "fields": {"user": 67, "nationality": "JP", "age": null, "gender": null, "gender_of_love": null, "introduction": "", "profile_image": "no_image.png", "count_send_new_messages": 0, "count_receive_new_messages": 0, "count_login": 0, "count_first_reply": 0, "count_bad_messages": 0, "priority": 7}}, {"model": "users.userinfo", "pk": "18e793c3-0963-4d4a-9402-9ffa847d479e", "fields": {"user": 88, "nationality": "JP", "age": null, "gender": null, "gender_of_love": null, "introduction": "", "profile_image": "no_image.png", "count_send_new_messages": 0, "count_receive_new_messages": 0, "count_login": 0, "count_first_reply": 0, "count_bad_messages": 0, "priority": 7}}, {"model": "users.userinfo", "pk": "1a28a126-4140-40ef-bae9-ca9ecadb266b", "fields": {"user": 73, "nationality": "JP", "age": null, "gender": null, "gender_of_love": null, "introduction": "", "profile_image": "no_image.png", "count_send_new_messages": 0, "count_receive_new_messages": 0, "count_login": 0, "count_first_reply": 0, "count_bad_messages": 0, "priority": 7}}, {"model": "users.userinfo", "pk": "1bf3b378-a0c8-4eb7-8f20-bdb772d3d3e7", "fields": {"user": 51, "nationality": "JP", "age": null, "gender": null, "gender_of_love": null, "introduction": "", "profile_image": "no_image.png", "count_send_new_messages": 0, "count_receive_new_messages": 0, "count_login": 0, "count_first_reply": 0, "count_bad_messages": 0, "priority": 7}}, {"model": "users.userinfo", "pk": "240060c6-3d22-4344-baa1-b64f0b6ce1f7", "fields": {"user": 65, "nationality": "JP", "age": null, "gender": null, "gender_of_love": null, "introduction": "", "profile_image": "no_image.png", "count_send_new_messages": 0, "count_receive_new_messages": 0, "count_login": 0, "count_first_reply": 0, "count_bad_messages": 0, "priority": 7}}, {"model": "users.userinfo", "pk": "24f4383f-6798-47ed-80b3-215e6e20101b", "fields": {"user": 29, "nationality": "JP", "age": null, "gender": null, "gender_of_love": null, "introduction": "", "profile_image": "no_image.png", "count_send_new_messages": 0, "count_receive_new_messages": 0, "count_login": 0, "count_first_reply": 0, "count_bad_messages": 0, "priority": 7}}, {"model": "users.userinfo", "pk": "27dc52fe-2261-40f9-987c-14e5e683c146", "fields": {"user": 76, "nationality": "JP", "age": null, "gender": null, "gender_of_love": null, "introduction": "", "profile_image": "no_image.png", "count_send_new_messages": 0, "count_receive_new_messages": 0, "count_login": 0, "count_first_reply": 0, "count_bad_messages": 0, "priority": 7}}, {"model": "users.userinfo", "pk": "2828c38a-ee7d-45df-b55e-6a31947ca93f", "fields": {"user": 38, "nationality": "JP", "age": null, "gender": null, "gender_of_love": null, "introduction": "", "profile_image": "no_image.png", "count_send_new_messages": 0, "count_receive_new_messages": 0, "count_login": 0, "count_first_reply": 0, "count_bad_messages": 0, "priority": 7}}, {"model": "users.userinfo", "pk": "282ba467-ff36-40a6-bab4-9c3d2a1c390e", "fields": {"user": 59, "nationality": "JP", "age": null, "gender": null, "gender_of_love": null, "introduction": "", "profile_image": "no_image.png", "count_send_new_messages": 0, "count_receive_new_messages": 0, "count_login": 0, "count_first_reply": 0, "count_bad_messages": 0, "priority": 7}}, {"model": "users.userinfo", "pk": "2a35af01-7127-4229-a9b8-76d75551ac63", "fields": {"user": 46, "nationality": "JP", "age": null, "gender": null, "gender_of_love": null, "introduction": "", "profile_image": "no_image.png", "count_send_new_messages": 0, "count_receive_new_messages": 0, "count_login": 0, "count_first_reply": 0, "count_bad_messages": 0, "priority": 7}}, {"model": "users.userinfo", "pk": "2a411dd1-64a8-4bd7-b4a3-2517b5467d7c", "fields": {"user": 19, "nationality": "JP", "age": null, "gender": null, "gender_of_love": null, "introduction": "", "profile_image": "no_image.png", "count_send_new_messages": 0, "count_receive_new_messages": 0, "count_login": 0, "count_first_reply": 0, "count_bad_messages": 0, "priority": 7}}, {"model": "users.userinfo", "pk": "2afd9f1a-f649-4bc4-a85d-238d0b24ce40", "fields": {"user": 36, "nationality": "JP", "age": null, "gender": null, "gender_of_love": null, "introduction": "", "profile_image": "no_image.png", "count_send_new_messages": 0, "count_receive_new_messages": 0, "count_login": 0, "count_first_reply": 0, "count_bad_messages": 0, "priority": 7}}, {"model": "users.userinfo", "pk": "30c740af-fe74-4113-91d3-d8c8ab628daa", "fields": {"user": 44, "nationality": "JP", "age": null, "gender": null, "gender_of_love": null, "introduction": "", "profile_image": "no_image.png", "count_send_new_messages": 0, "count_receive_new_messages": 0, "count_login": 0, "count_first_reply": 0, "count_bad_messages": 0, "priority": 7}}, {"model": "users.userinfo", "pk": "3166600c-0b96-4d1c-bc4b-f741105187b4", "fields": {"user": 83, "nationality": "JP", "age": null, "gender": null, "gender_of_love": null, "introduction": "", "profile_image": "no_image.png", "count_send_new_messages": 0, "count_receive_new_messages": 0, "count_login": 0, "count_first_reply": 0, "count_bad_messages": 0, "priority": 7}}, {"model": "users.userinfo", "pk": "33862c38-76d5-4262-b788-0d3eb91141b0", "fields": {"user": 93, "nationality": "JP", "age": null, "gender": null, "gender_of_love": null, "introduction": "", "profile_image": "no_image.png", "count_send_new_messages": 0, "count_receive_new_messages": 0, "count_login": 0, "count_first_reply": 0, "count_bad_messages": 0, "priority": 7}}, {"model": "users.userinfo", "pk": "33dc3ffc-65d7-4801-aeef-c8619e55df2a", "fields": {"user": 71, "nationality": "JP", "age": null, "gender": null, "gender_of_love": null, "introduction": "", "profile_image": "no_image.png", "count_send_new_messages": 0, "count_receive_new_messages": 0, "count_login": 0, "count_first_reply": 0, "count_bad_messages": 0, "priority": 7}}, {"model": "users.userinfo", "pk": "368bc009-018d-4b1e-9db2-e984e161167d", "fields": {"user": 79, "nationality": "JP", "age": null, "gender": null, "gender_of_love": null, "introduction": "", "profile_image": "no_image.png", "count_send_new_messages": 0, "count_receive_new_messages": 0, "count_login": 0, "count_first_reply": 0, "count_bad_messages": 0, "priority": 7}}, {"model": "users.userinfo", "pk": "37d877ce-329f-43d2-8080-6ff51ae23226", "fields": {"user": 97, "nationality": "JP", "age": null, "gender": null, "gender_of_love": null, "introduction": "", "profile_image": "no_image.png", "count_send_new_messages": 0, "count_receive_new_messages": 0, "count_login": 0, "count_first_reply": 0, "count_bad_messages": 0, "priority": 7}}, {"model": "users.userinfo", "pk": "38733faa-da6a-4f1c-b6a1-fd2917e51b71", "fields": {"user": 100, "nationality": "JP", "age": null, "gender": null, "gender_of_love": null, "introduction": "", "profile_image": "no_image.png", "count_send_new_messages": 0, "count_receive_new_messages": 0, "count_login": 0, "count_first_reply": 0, "count_bad_messages": 0, "priority": 7}}, {"model": "users.userinfo", "pk": "38a625c6-8629-488c-bfe2-e2b8f7324b7f", "fields": {"user": 61, "nationality": "JP", "age": null, "gender": null, "gender_of_love": null, "introduction": "", "profile_image": "no_image.png", "count_send_new_messages": 0, "count_receive_new_messages": 0, "count_login": 0, "count_first_reply": 0, "count_bad_messages": 0, "priority": 7}}, {"model": "users.userinfo", "pk": "3eeb78f4-e1cd-42b9-847a-7a8c8224ce0a", "fields": {"user": 10, "nationality": "JP", "age": null, "gender": null, "gender_of_love": null, "introduction": "", "profile_image": "no_image.png", "count_send_new_messages": 0, "count_receive_new_messages": 0, "count_login": 0, "count_first_reply": 0, "count_bad_messages": 0, "priority": 7}}, {"model": "users.userinfo", "pk": "3fa95c46-ac89-4576-9ef8-ef260bc3de3d", "fields": {"user": 52, "nationality": "JP", "age": null, "gender": null, "gender_of_love": null, "introduction": "", "profile_image": "no_image.png", "count_send_new_messages": 0, "count_receive_new_messages": 0, "count_login": 0, "count_first_reply": 0, "count_bad_messages": 0, "priority": 7}}, {"model": "users.userinfo", "pk": "40851069-52f1-4b0a-ab0d-f804976fd11f", "fields": {"user": 23, "nationality": "JP", "age": null, "gender": null, "gender_of_love": null, "introduction": "", "profile_image": "no_image.png", "count_send_new_messages": 0, "count_receive_new_messages": 0, "count_login": 0, "count_first_reply": 0, "count_bad_messages": 0, "priority": 7}}, {"model": "users.userinfo", "pk": "42127642-6344-4894-9838-8d0cfa7131c6", "fields": {"user": 15, "nationality": "JP", "age": null, "gender": null, "gender_of_love": null, "introduction": "", "profile_image": "no_image.png", "count_send_new_messages": 0, "count_receive_new_messages": 0, "count_login": 0, "count_first_reply": 0, "count_bad_messages": 0, "priority": 7}}, {"model": "users.userinfo", "pk": "42d70857-2d53-4000-b823-06c59ab57e6d", "fields": {"user": 58, "nationality": "JP", "age": null, "gender": null, "gender_of_love": null, "introduction": "", "profile_image": "no_image.png", "count_send_new_messages": 0, "count_receive_new_messages": 0, "count_login": 0, "count_first_reply": 0, "count_bad_messages": 0, "priority": 7}}, {"model": "users.userinfo", "pk": "44293548-edfd-4a1f-8a68-c4fc56faaaeb", "fields": {"user": 77, "nationality": "JP", "age": null, "gender": null, "gender_of_love": null, "introduction": "", "profile_image": "no_image.png", "count_send_new_messages": 0, "count_receive_new_messages": 0, "count_login": 0, "count_first_reply": 0, "count_bad_messages": 0, "priority": 7}}, {"model": "users.userinfo", "pk": "44b8fa9b-6a13-4c3b-aa13-d0a981830332", "fields": {"user": 42, "nationality": "JP", "age": null, "gender": null, "gender_of_love": null, "introduction": "", "profile_image": "no_image.png", "count_send_new_messages": 0, "count_receive_new_messages": 0, "count_login": 0, "count_first_reply": 0, "count_bad_messages": 0, "priority": 7}}, {"model": "users.userinfo", "pk": "45535dfe-65ad-48c4-84e0-83306fa440ff", "fields": {"user": 63, "nationality": "JP", "age": null, "gender": null, "gender_of_love": null, "introduction": "", "profile_image": "no_image.png", "count_send_new_messages": 0, "count_receive_new_messages": 0, "count_login": 0, "count_first_reply": 0, "count_bad_messages": 0, "priority": 7}}, {"model": "users.userinfo", "pk": "46b7d66e-a37f-482f-8e31-df3a8929b1fa", "fields": {"user": 81, "nationality": "JP", "age": null, "gender": null, "gender_of_love": null, "introduction": "", "profile_image": "no_image.png", "count_send_new_messages": 0, "count_receive_new_messages": 0, "count_login": 0, "count_first_reply": 0, "count_bad_messages": 0, "priority": 7}}, {"model": "users.userinfo", "pk": "47d2fbe8-9646-427a-8c7f-69e66c078f9d", "fields": {"user": 30, "nationality": "JP", "age": null, "gender": null, "gender_of_love": null, "introduction": "", "profile_image": "no_image.png", "count_send_new_messages": 0, "count_receive_new_messages": 0, "count_login": 0, "count_first_reply": 0, "count_bad_messages": 0, "priority": 7}}, {"model": "users.userinfo", "pk": "4a2ea307-3f34-422e-9a70-fd198f963ae3", "fields": {"user": 54, "nationality": "JP", "age": null, "gender": null, "gender_of_love": null, "introduction": "", "profile_image": "no_image.png", "count_send_new_messages": 0, "count_receive_new_messages": 0, "count_login": 0, "count_first_reply": 0, "count_bad_messages": 0, "priority": 7}}, {"model": "users.userinfo", "pk": "4fb9b320-d3c2-4a45-b035-8ed8b67bb2e9", "fields": {"user": 34, "nationality": "JP", "age": null, "gender": null, "gender_of_love": null, "introduction": "", "profile_image": "no_image.png", "count_send_new_messages": 0, "count_receive_new_messages": 0, "count_login": 0, "count_first_reply": 0, "count_bad_messages": 0, "priority": 7}}, {"model": "users.userinfo", "pk": "502384a8-625a-42d3-b986-9e353fb5c0a6", "fields": {"user": 84, "nationality": "JP", "age": null, "gender": null, "gender_of_love": null, "introduction": "", "profile_image": "no_image.png", "count_send_new_messages": 0, "count_receive_new_messages": 0, "count_login": 0, "count_first_reply": 0, "count_bad_messages": 0, "priority": 7}}, {"model": "users.userinfo", "pk": "51609362-9133-473f-a4dd-3d18f2c49e7d", "fields": {"user": 85, "nationality": "JP", "age": null, "gender": null, "gender_of_love": null, "introduction": "", "profile_image": "no_image.png", "count_send_new_messages": 0, "count_receive_new_messages": 0, "count_login": 0, "count_first_reply": 0, "count_bad_messages": 0, "priority": 7}}, {"model": "users.userinfo", "pk": "53180f9b-455a-4059-b15a-581da17624a4", "fields": {"user": 55, "nationality": "JP", "age": null, "gender": null, "gender_of_love": null, "introduction": "", "profile_image": "no_image.png", "count_send_new_messages": 0, "count_receive_new_messages": 0, "count_login": 0, "count_first_reply": 0, "count_bad_messages": 0, "priority": 7}}, {"model": "users.userinfo", "pk": "56b654d3-da5b-4522-a475-5f88fdc6d4e8", "fields": {"user": 96, "nationality": "JP", "age": null, "gender": null, "gender_of_love": null, "introduction": "", "profile_image": "no_image.png", "count_send_new_messages": 0, "count_receive_new_messages": 0, "count_login": 0, "count_first_reply": 0, "count_bad_messages": 0, "priority": 7}}, {"model": "users.userinfo", "pk": "5c10e250-b872-404b-bcc1-ed063d29f125", "fields": {"user": 18, "nationality": "JP", "age": null, "gender": null, "gender_of_love": null, "introduction": "", "profile_image": "no_image.png", "count_send_new_messages": 0, "count_receive_new_messages": 0, "count_login": 0, "count_first_reply": 0, "count_bad_messages": 0, "priority": 7}}, {"model": "users.userinfo", "pk": "5cd39565-e6e0-488a-9417-4feddea1470b", "fields": {"user": 50, "nationality": "JP", "age": null, "gender": null, "gender_of_love": null, "introduction": "", "profile_image": "no_image.png", "count_send_new_messages": 0, "count_receive_new_messages": 0, "count_login": 0, "count_first_reply": 0, "count_bad_messages": 0, "priority": 7}}, {"model": "users.userinfo", "pk": "6225f276-a051-4a6f-b632-7e10344dca82", "fields": {"user": 99, "nationality": "JP", "age": null, "gender": null, "gender_of_love": null, "introduction": "", "profile_image": "no_image.png", "count_send_new_messages": 0, "count_receive_new_messages": 0, "count_login": 0, "count_first_reply": 0, "count_bad_messages": 0, "priority": 7}}, {"model": "users.userinfo", "pk": "6568b664-a8b3-4eb8-8517-d57c354c5cf8", "fields": {"user": 57, "nationality": "JP", "age": null, "gender": null, "gender_of_love": null, "introduction": "", "profile_image": "no_image.png", "count_send_new_messages": 0, "count_receive_new_messages": 0, "count_login": 0, "count_first_reply": 0, "count_bad_messages": 0, "priority": 7}}, {"model": "users.userinfo", "pk": "65c0827a-5e38-494d-a621-9a1b41ad65b4", "fields": {"user": 92, "nationality": "JP", "age": null, "gender": null, "gender_of_love": null, "introduction": "", "profile_image": "no_image.png", "count_send_new_messages": 0, "count_receive_new_messages": 0, "count_login": 0, "count_first_reply": 0, "count_bad_messages": 0, "priority": 7}}, {"model": "users.userinfo", "pk": "6bf0a73a-6d3a-480b-a63a-61d005c75c34", "fields": {"user": 20, "nationality": "JP", "age": null, "gender": null, "gender_of_love": null, "introduction": "", "profile_image": "no_image.png", "count_send_new_messages": 0, "count_receive_new_messages": 0, "count_login": 0, "count_first_reply": 0, "count_bad_messages": 0, "priority": 7}}, {"model": "users.userinfo", "pk": "6c7c67cc-e7ea-4177-a787-fc0d577c3c76", "fields": {"user": 53, "nationality": "JP", "age": null, "gender": null, "gender_of_love": null, "introduction": "", "profile_image": "no_image.png", "count_send_new_messages": 0, "count_receive_new_messages": 0, "count_login": 0, "count_first_reply": 0, "count_bad_messages": 0, "priority": 7}}, {"model": "users.userinfo", "pk": "6d29ad47-990b-4915-876c-3270afbbc16e", "fields": {"user": 35, "nationality": "JP", "age": null, "gender": null, "gender_of_love": null, "introduction": "", "profile_image": "no_image.png", "count_send_new_messages": 0, "count_receive_new_messages": 0, "count_login": 0, "count_first_reply": 0, "count_bad_messages": 0, "priority": 7}}, {"model": "users.userinfo", "pk": "6fad3c47-ee19-440a-9398-7882b16a1690", "fields": {"user": 33, "nationality": "JP", "age": null, "gender": null, "gender_of_love": null, "introduction": "", "profile_image": "no_image.png", "count_send_new_messages": 0, "count_receive_new_messages": 0, "count_login": 0, "count_first_reply": 0, "count_bad_messages": 0, "priority": 7}}, {"model": "users.userinfo", "pk": "76086761-9b9f-4abd-8b11-34cfb3df3756", "fields": {"user": 21, "nationality": "JP", "age": null, "gender": null, "gender_of_love": null, "introduction": "", "profile_image": "no_image.png", "count_send_new_messages": 0, "count_receive_new_messages": 0, "count_login": 0, "count_first_reply": 0, "count_bad_messages": 0, "priority": 7}}, {"model": "users.userinfo", "pk": "81af1637-7950-434a-a926-8f80217c3d30", "fields": {"user": 8, "nationality": "JP", "age": null, "gender": null, "gender_of_love": null, "introduction": "", "profile_image": "no_image.png", "count_send_new_messages": 0, "count_receive_new_messages": 0, "count_login": 0, "count_first_reply": 0, "count_bad_messages": 0, "priority": 7}}, {"model": "users.userinfo", "pk": "850a169a-48b3-4001-a8dc-aacf1d1eab23", "fields": {"user": 74, "nationality": "JP", "age": null, "gender": null, "gender_of_love": null, "introduction": "", "profile_image": "no_image.png", "count_send_new_messages": 0, "count_receive_new_messages": 0, "count_login": 0, "count_first_reply": 0, "count_bad_messages": 0, "priority": 7}}, {"model": "users.userinfo", "pk": "88359998-38a3-4a87-81d0-a6a95fef750f", "fields": {"user": 62, "nationality": "JP", "age": null, "gender": null, "gender_of_love": null, "introduction": "", "profile_image": "no_image.png", "count_send_new_messages": 0, "count_receive_new_messages": 0, "count_login": 0, "count_first_reply": 0, "count_bad_messages": 0, "priority": 7}}, {"model": "users.userinfo", "pk": "8cda1e01-1bb9-4e96-ad5a-b55a75d1ef09", "fields": {"user": 11, "nationality": "JP", "age": null, "gender": null, "gender_of_love": null, "introduction": "", "profile_image": "no_image.png", "count_send_new_messages": 0, "count_receive_new_messages": 0, "count_login": 0, "count_first_reply": 0, "count_bad_messages": 0, "priority": 7}}, {"model": "users.userinfo", "pk": "987260a3-62f3-41d0-aa39-1fde4dd37182", "fields": {"user": 1, "nationality": "JP", "age": null, "gender": null, "gender_of_love": null, "introduction": "", "profile_image": "no_image.png", "count_send_new_messages": 0, "count_receive_new_messages": 0, "count_login": 0, "count_first_reply": 0, "count_bad_messages": 0, "priority": 7}}, {"model": "users.userinfo", "pk": "99ffd698-beaf-431b-926a-fe10fa75bebe", "fields": {"user": 48, "nationality": "JP", "age": null, "gender": null, "gender_of_love": null, "introduction": "", "profile_image": "no_image.png", "count_send_new_messages": 0, "count_receive_new_messages": 0, "count_login": 0, "count_first_reply": 0, "count_bad_messages": 0, "priority": 7}}, {"model": "users.userinfo", "pk": "9a22a9b8-a7a9-4f6b-88ca-c1cc374d39eb", "fields": {"user": 17, "nationality": "JP", "age": null, "gender": null, "gender_of_love": null, "introduction": "", "profile_image": "no_image.png", "count_send_new_messages": 0, "count_receive_new_messages": 0, "count_login": 0, "count_first_reply": 0, "count_bad_messages": 0, "priority": 7}}, {"model": "users.userinfo", "pk": "a02d5682-1839-493b-8ba7-56f1b81e6937", "fields": {"user": 13, "nationality": "JP", "age": null, "gender": null, "gender_of_love": null, "introduction": "", "profile_image": "no_image.png", "count_send_new_messages": 0, "count_receive_new_messages": 0, "count_login": 0, "count_first_reply": 0, "count_bad_messages": 0, "priority": 7}}, {"model": "users.userinfo", "pk": "a093fdbd-2edf-48d1-be9c-75898bd85400", "fields": {"user": 27, "nationality": "JP", "age": null, "gender": null, "gender_of_love": null, "introduction": "", "profile_image": "no_image.png", "count_send_new_messages": 0, "count_receive_new_messages": 0, "count_login": 0, "count_first_reply": 0, "count_bad_messages": 0, "priority": 7}}, {"model": "users.userinfo", "pk": "a117bdd7-1517-4d34-bbdd-f1776c6f887c", "fields": {"user": 90, "nationality": "JP", "age": null, "gender": null, "gender_of_love": null, "introduction": "", "profile_image": "no_image.png", "count_send_new_messages": 0, "count_receive_new_messages": 0, "count_login": 0, "count_first_reply": 0, "count_bad_messages": 0, "priority": 7}}, {"model": "users.userinfo", "pk": "a22fced4-dd87-46a6-81d3-7226b1aa4565", "fields": {"user": 9, "nationality": "JP", "age": null, "gender": null, "gender_of_love": null, "introduction": "", "profile_image": "no_image.png", "count_send_new_messages": 0, "count_receive_new_messages": 0, "count_login": 0, "count_first_reply": 0, "count_bad_messages": 0, "priority": 7}}, {"model": "users.userinfo", "pk": "a3528cc9-75e3-404f-aabd-def35b92becb", "fields": {"user": 69, "nationality": "JP", "age": null, "gender": null, "gender_of_love": null, "introduction": "", "profile_image": "no_image.png", "count_send_new_messages": 0, "count_receive_new_messages": 0, "count_login": 0, "count_first_reply": 0, "count_bad_messages": 0, "priority": 7}}, {"model": "users.userinfo", "pk": "aa1af68f-68be-4f1a-af57-c6c4186f358d", "fields": {"user": 14, "nationality": "JP", "age": null, "gender": null, "gender_of_love": null, "introduction": "", "profile_image": "no_image.png", "count_send_new_messages": 0, "count_receive_new_messages": 0, "count_login": 0, "count_first_reply": 0, "count_bad_messages": 0, "priority": 7}}, {"model": "users.userinfo", "pk": "aa46485f-28c9-446d-8227-82c3ed546a58", "fields": {"user": 68, "nationality": "JP", "age": null, "gender": null, "gender_of_love": null, "introduction": "", "profile_image": "no_image.png", "count_send_new_messages": 0, "count_receive_new_messages": 0, "count_login": 0, "count_first_reply": 0, "count_bad_messages": 0, "priority": 7}}, {"model": "users.userinfo", "pk": "aad03d09-651d-49f0-85b0-0909dcd6be87", "fields": {"user": 80, "nationality": "JP", "age": null, "gender": null, "gender_of_love": null, "introduction": "", "profile_image": "no_image.png", "count_send_new_messages": 0, "count_receive_new_messages": 0, "count_login": 0, "count_first_reply": 0, "count_bad_messages": 0, "priority": 7}}, {"model": "users.userinfo", "pk": "acafba19-a1de-4dfa-83cd-896ec7ffcab1", "fields": {"user": 24, "nationality": "JP", "age": null, "gender": null, "gender_of_love": null, "introduction": "", "profile_image": "no_image.png", "count_send_new_messages": 0, "count_receive_new_messages": 0, "count_login": 0, "count_first_reply": 0, "count_bad_messages": 0, "priority": 7}}, {"model": "users.userinfo", "pk": "b22156b0-91d4-4e0f-a448-9e733b257873", "fields": {"user": 28, "nationality": "JP", "age": null, "gender": null, "gender_of_love": null, "introduction": "", "profile_image": "no_image.png", "count_send_new_messages": 0, "count_receive_new_messages": 0, "count_login": 0, "count_first_reply": 0, "count_bad_messages": 0, "priority": 7}}, {"model": "users.userinfo", "pk": "b7f16dea-33f0-4df1-933d-ed2ddc9b9ede", "fields": {"user": 16, "nationality": "JP", "age": null, "gender": null, "gender_of_love": null, "introduction": "", "profile_image": "no_image.png", "count_send_new_messages": 0, "count_receive_new_messages": 0, "count_login": 0, "count_first_reply": 0, "count_bad_messages": 0, "priority": 7}}, {"model": "users.userinfo", "pk": "ba7d193e-6bd2-48f2-bcbe-4ed6186ca9b7", "fields": {"user": 22, "nationality": "JP", "age": null, "gender": null, "gender_of_love": null, "introduction": "", "profile_image": "no_image.png", "count_send_new_messages": 0, "count_receive_new_messages": 0, "count_login": 0, "count_first_reply": 0, "count_bad_messages": 0, "priority": 7}}, {"model": "users.userinfo", "pk": "bfc7dfad-5b58-4d72-bf66-31103bca34aa", "fields": {"user": 101, "nationality": "JP", "age": null, "gender": null, "gender_of_love": null, "introduction": "", "profile_image": "no_image.png", "count_send_new_messages": 0, "count_receive_new_messages": 0, "count_login": 0, "count_first_reply": 0, "count_bad_messages": 0, "priority": 7}}, {"model": "users.userinfo", "pk": "bfdeb61d-f6de-4963-9220-0da5cd97feda", "fields": {"user": 40, "nationality": "JP", "age": null, "gender": null, "gender_of_love": null, "introduction": "", "profile_image": "no_image.png", "count_send_new_messages": 0, "count_receive_new_messages": 0, "count_login": 0, "count_first_reply": 0, "count_bad_messages": 0, "priority": 7}}, {"model": "users.userinfo", "pk": "cae938f6-575c-4f35-a3df-c0a14594bdff", "fields": {"user": 49, "nationality": "JP", "age": null, "gender": null, "gender_of_love": null, "introduction": "", "profile_image": "no_image.png", "count_send_new_messages": 0, "count_receive_new_messages": 0, "count_login": 0, "count_first_reply": 0, "count_bad_messages": 0, "priority": 7}}, {"model": "users.userinfo", "pk": "cd14e350-2ddf-4323-9e0d-f68dbc702cab", "fields": {"user": 89, "nationality": "JP", "age": null, "gender": null, "gender_of_love": null, "introduction": "", "profile_image": "no_image.png", "count_send_new_messages": 0, "count_receive_new_messages": 0, "count_login": 0, "count_first_reply": 0, "count_bad_messages": 0, "priority": 7}}, {"model": "users.userinfo", "pk": "cde4f855-6889-4ec3-917e-54519f524041", "fields": {"user": 64, "nationality": "JP", "age": null, "gender": null, "gender_of_love": null, "introduction": "", "profile_image": "no_image.png", "count_send_new_messages": 0, "count_receive_new_messages": 0, "count_login": 0, "count_first_reply": 0, "count_bad_messages": 0, "priority": 7}}, {"model": "users.userinfo", "pk": "cf3cb375-e3c5-4632-8079-8195fe8af636", "fields": {"user": 2, "nationality": "JP", "age": null, "gender": null, "gender_of_love": null, "introduction": "", "profile_image": "no_image.png", "count_send_new_messages": 0, "count_receive_new_messages": 0, "count_login": 0, "count_first_reply": 0, "count_bad_messages": 0, "priority": 7}}, {"model": "users.userinfo", "pk": "d0b9ffe2-90b7-4a64-a908-fb82ddfc6a12", "fields": {"user": 56, "nationality": "JP", "age": null, "gender": null, "gender_of_love": null, "introduction": "", "profile_image": "no_image.png", "count_send_new_messages": 0, "count_receive_new_messages": 0, "count_login": 0, "count_first_reply": 0, "count_bad_messages": 0, "priority": 7}}, {"model": "users.userinfo", "pk": "d2cee6f1-54d9-4db9-930b-f084921a32e0", "fields": {"user": 95, "nationality": "JP", "age": null, "gender": null, "gender_of_love": null, "introduction": "", "profile_image": "no_image.png", "count_send_new_messages": 0, "count_receive_new_messages": 0, "count_login": 0, "count_first_reply": 0, "count_bad_messages": 0, "priority": 7}}, {"model": "users.userinfo", "pk": "d308d1ba-df7c-42bf-9c90-3212cd43a88d", "fields": {"user": 66, "nationality": "JP", "age": null, "gender": null, "gender_of_love": null, "introduction": "", "profile_image": "no_image.png", "count_send_new_messages": 0, "count_receive_new_messages": 0, "count_login": 0, "count_first_reply": 0, "count_bad_messages": 0, "priority": 7}}, {"model": "users.userinfo", "pk": "d44ea53d-8ff8-40ee-83a1-37da3d589889", "fields": {"user": 39, "nationality": "JP", "age": null, "gender": null, "gender_of_love": null, "introduction": "", "profile_image": "no_image.png", "count_send_new_messages": 0, "count_receive_new_messages": 0, "count_login": 0, "count_first_reply": 0, "count_bad_messages": 0, "priority": 7}}, {"model": "users.userinfo", "pk": "d62c9bc8-df2b-4f34-832f-c32689ce0caa", "fields": {"user": 91, "nationality": "JP", "age": null, "gender": null, "gender_of_love": null, "introduction": "", "profile_image": "no_image.png", "count_send_new_messages": 0, "count_receive_new_messages": 0, "count_login": 0, "count_first_reply": 0, "count_bad_messages": 0, "priority": 7}}, {"model": "users.userinfo", "pk": "d65f1398-ba50-4028-aed6-1a477e389db8", "fields": {"user": 3, "nationality": "JP", "age": null, "gender": null, "gender_of_love": null, "introduction": "", "profile_image": "no_image.png", "count_send_new_messages": 0, "count_receive_new_messages": 0, "count_login": 0, "count_first_reply": 0, "count_bad_messages": 0, "priority": 7}}, {"model": "users.userinfo", "pk": "d7f51a05-9c03-4c01-a88e-2c7ebb22467d", "fields": {"user": 86, "nationality": "JP", "age": null, "gender": null, "gender_of_love": null, "introduction": "", "profile_image": "no_image.png", "count_send_new_messages": 0, "count_receive_new_messages": 0, "count_login": 0, "count_first_reply": 0, "count_bad_messages": 0, "priority": 7}}, {"model": "users.userinfo", "pk": "dc9272d6-0363-4028-bdfc-ab016b2ed803", "fields": {"user": 87, "nationality": "JP", "age": null, "gender": null, "gender_of_love": null, "introduction": "", "profile_image": "no_image.png", "count_send_new_messages": 0, "count_receive_new_messages": 0, "count_login": 0, "count_first_reply": 0, "count_bad_messages": 0, "priority": 7}}, {"model": "users.userinfo", "pk": "dde3ab46-27a1-471c-96ae-e9731480aa16", "fields": {"user": 82, "nationality": "JP", "age": null, "gender": null, "gender_of_love": null, "introduction": "", "profile_image": "no_image.png", "count_send_new_messages": 0, "count_receive_new_messages": 0, "count_login": 0, "count_first_reply": 0, "count_bad_messages": 0, "priority": 7}}, {"model": "users.userinfo", "pk": "e06a8d6f-5d1e-490d-b4fe-802639d5266b", "fields": {"user": 4, "nationality": "JP", "age": null, "gender": null, "gender_of_love": null, "introduction": "", "profile_image": "no_image.png", "count_send_new_messages": 0, "count_receive_new_messages": 0, "count_login": 0, "count_first_reply": 0, "count_bad_messages": 0, "priority": 7}}, {"model": "users.userinfo", "pk": "e06fb769-e5ca-49dd-bb98-23f5b5906fce", "fields": {"user": 37, "nationality": "JP", "age": null, "gender": null, "gender_of_love": null, "introduction": "", "profile_image": "no_image.png", "count_send_new_messages": 0, "count_receive_new_messages": 0, "count_login": 0, "count_first_reply": 0, "count_bad_messages": 0, "priority": 7}}, {"model": "users.userinfo", "pk": "e2d11f39-0597-459b-988d-a050205adff8", "fields": {"user": 26, "nationality": "JP", "age": null, "gender": null, "gender_of_love": null, "introduction": "", "profile_image": "no_image.png", "count_send_new_messages": 0, "count_receive_new_messages": 0, "count_login": 0, "count_first_reply": 0, "count_bad_messages": 0, "priority": 7}}, {"model": "users.userinfo", "pk": "e2f5a89a-8500-4227-bea8-821e7b9b036f", "fields": {"user": 72, "nationality": "JP", "age": null, "gender": null, "gender_of_love": null, "introduction": "", "profile_image": "no_image.png", "count_send_new_messages": 0, "count_receive_new_messages": 0, "count_login": 0, "count_first_reply": 0, "count_bad_messages": 0, "priority": 7}}, {"model": "users.userinfo", "pk": "e50c2344-12cf-4d32-8249-68cebd4e7c52", "fields": {"user": 6, "nationality": "JP", "age": null, "gender": null, "gender_of_love": null, "introduction": "", "profile_image": "no_image.png", "count_send_new_messages": 0, "count_receive_new_messages": 0, "count_login": 0, "count_first_reply": 0, "count_bad_messages": 0, "priority": 7}}, {"model": "users.userinfo", "pk": "e5ea8a36-b6d4-42d2-a461-75d72755c5d2", "fields": {"user": 41, "nationality": "JP", "age": null, "gender": null, "gender_of_love": null, "introduction": "", "profile_image": "no_image.png", "count_send_new_messages": 0, "count_receive_new_messages": 0, "count_login": 0, "count_first_reply": 0, "count_bad_messages": 0, "priority": 7}}, {"model": "users.userinfo", "pk": "eca5be68-d729-4b58-943c-630d4ca53b11", "fields": {"user": 70, "nationality": "JP", "age": null, "gender": null, "gender_of_love": null, "introduction": "", "profile_image": "no_image.png", "count_send_new_messages": 0, "count_receive_new_messages": 0, "count_login": 0, "count_first_reply": 0, "count_bad_messages": 0, "priority": 7}}, {"model": "users.userinfo", "pk": "ecb273f1-ebb6-4fec-973b-ef089bf8fa4a", "fields": {"user": 31, "nationality": "JP", "age": null, "gender": null, "gender_of_love": null, "introduction": "", "profile_image": "no_image.png", "count_send_new_messages": 0, "count_receive_new_messages": 0, "count_login": 0, "count_first_reply": 0, "count_bad_messages": 0, "priority": 7}}, {"model": "users.userinfo", "pk": "edbd186c-6b49-4a58-a0d2-73c6dc282146", "fields": {"user": 94, "nationality": "JP", "age": null, "gender": null, "gender_of_love": null, "introduction": "", "profile_image": "no_image.png", "count_send_new_messages": 0, "count_receive_new_messages": 0, "count_login": 0, "count_first_reply": 0, "count_bad_messages": 0, "priority": 7}}, {"model": "users.userinfo", "pk": "eef3a4cd-b083-4e69-bca4-cca4ee9b1e52", "fields": {"user": 43, "nationality": "JP", "age": null, "gender": null, "gender_of_love": null, "introduction": "", "profile_image": "no_image.png", "count_send_new_messages": 0, "count_receive_new_messages": 0, "count_login": 0, "count_first_reply": 0, "count_bad_messages": 0, "priority": 7}}, {"model": "users.userinfo", "pk": "f35c8d08-8182-4f40-8dfa-a2089e032567", "fields": {"user": 78, "nationality": "JP", "age": null, "gender": null, "gender_of_love": null, "introduction": "", "profile_image": "no_image.png", "count_send_new_messages": 0, "count_receive_new_messages": 0, "count_login": 0, "count_first_reply": 0, "count_bad_messages": 0, "priority": 7}}, {"model": "users.userinfo", "pk": "f3bc5f1d-090f-4eca-909a-511411bc1188", "fields": {"user": 7, "nationality": "JP", "age": null, "gender": null, "gender_of_love": null, "introduction": "", "profile_image": "no_image.png", "count_send_new_messages": 0, "count_receive_new_messages": 0, "count_login": 0, "count_first_reply": 0, "count_bad_messages": 0, "priority": 7}}, {"model": "users.userinfo", "pk": "ff33bfd7-3d75-4309-bef1-2e737a03f22a", "fields": {"user": 60, "nationality": "JP", "age": null, "gender": null, "gender_of_love": null, "introduction": "", "profile_image": "no_image.png", "count_send_new_messages": 0, "count_receive_new_messages": 0, "count_login": 0, "count_first_reply": 0, "count_bad_messages": 0, "priority": 7}}, {"model": "users.userinfo", "pk": "ff468ffe-6be8-445b-8233-a9d2b7753a59", "fields": {"user": 47, "nationality": "JP", "age": null, "gender": null, "gender_of_love": null, "introduction": "", "profile_image": "no_image.png", "count_send_new_messages": 0, "count_receive_new_messages": 0, "count_login": 0, "count_first_reply": 0, "count_bad_messages": 0, "priority": 7}}, {"model": "postapp.executedfunction", "pk": 1, "fields": {"name": "update_seiding_priority", "executed_at": "2021-11-20T05:29:31Z"}}, {"model": "postapp.executedfunction", "pk": 2, "fields": {"name": "update_count_for_priority", "executed_at": "2021-11-20T05:29:31Z"}}]